CODE,NUM_CARTO,MONTANT
150,IM00658,250
150,IM00660,1800
150,IM00659,2500
150,IM00657,3500
150,IM00655,16000
150,IM00656,25000
250,IM02037,3000
250,IM01914,18000
300,IM03147,1000
320,IM03668,36000
080,IM00127,4500
150,IM00649,250
150,IM00648,250
150,IM00291,600
150,IM00290,1500
150,IM00651,1800
150,IM00650,1800
150,IM00647,3500
150,IM00646,3500
150,IM00645,16000
150,IM00644,16000
150,IM00314,26500
220,IM01625,6000
250,IM02036,2000
250,IM02035,18000
250,IM02226,18000
290,IM02296,4500
300,IM02547,1000
300,IM02548,1000
300,IM03148,1000
300,IM03149,1000
300,IM03150,1000
300,IM03143,1000
300,IM02544,4500
320,IM03799,8000
330,IM03901,7000
330,IM03903,9000
330,IM03930,20000
330,IM03902,34000
350,IM04024,4100
360,IM04103,11000
360,,2000000
420,IM04675,550
420,IM04600,10000
070,,15000
150,IM00621,250
150,IM00619,250
150,IM00313,1000
150,IM00620,1800
150,IM00622,1800
150,IM00618,3500
150,IM00617,3500
150,IM00616,16000
150,IM00615,16000
250,IM02034,4000
250,IM02033,18000
300,IM02546,1000
300,IM03145,1000
300,IM03146,1000
300,IM03141,1500
320,IM03793,8000
070,IM00059,3000
150,IM00635,250
150,IM00634,250
150,IM00637,1800
150,IM00636,1800
150,IM00633,16000
150,IM00632,16000
250,IM01913,18000
250,,37900
300,IM02545,1000
300,IM03144,1000
320,IM03796,8000
320,IM03667,46000
350,IM04023,16000
420,IM04673,350
070,,70000
130,IM00211,25000
150,IM00596,250
150,IM00599,1800
150,IM00591,16000
220,IM01626,6000
220,IM01627,10000
250,IM01721,2000
250,,30000
280,IM02277,4000
300,IM02551,1000
300,IM02552,1000
300,IM02571,1000
300,IM03406,2500
300,IM02549,4500
320,IM03669,32000
330,IM03931,5000
330,IM03932,65000
330,IM03933,65000
360,IM04235,3000
360,IM04160,10000
360,IM04104,21059
360,,1500000
420,IM04663,600
420,IM04593,10000
150,IM00594,250
150,IM00598,1800
150,IM00595,2500
150,IM00593,16000
150,IM00592,25000
300,IM02563,1000
150,IM00665,250
150,IM00597,1800
150,IM00664,16000
300,IM02560,1000
300,IM02559,1000
070,IM00058,3500
150,IM00613,250
150,IM00614,1800
150,IM00612,16000
250,IM02038,18000
300,IM02553,1000
320,IM03792,8000
420,IM04670,350
300,IM02562,1000
360,IM04240,3480
300,IM02554,1000
330,IM03934,40000
150,IM00662,250
150,IM00663,1800
150,IM00661,16000
250,IM02041,3500
300,IM02561,1000
250,IM02227,18000
300,IM02555,1000
300,IM02568,1000
300,IM02570,1000
300,IM02550,1000
300,IM02569,1000
300,IM02566,1000
300,IM02565,1000
300,IM03142,4600
300,IM03412,7000
360,IM04239,4800
420,IM04672,350
300,IM02564,1000
150,IM00642,250
150,IM00643,1800
150,IM00641,16000
250,IM01720,18000
300,IM03153,4500
320,IM03798,8000
320,IM03797,8000
420,IM04674,350
300,IM02558,1000
150,IM00610,250
150,IM00611,1800
150,IM00609,16000
250,IM02040,3500
250,IM01915,18000
300,IM02556,1000
300,IM02557,1000
300,IM03140,4800
300,IM03408,7000
300,IM03407,10000
420,IM04669,350
120,,20000
150,IM00639,250
150,IM00640,1800
150,IM00638,16000
300,IM03413,7000
310,IM03584,25000
400,IM04492,50000
070,,80000
130,,30000
300,IM02567,1000
300,IM03416,3000
320,IM03800,8000
360,IM04241,3000
070,IM00057,4000
150,IM00602,250
150,IM00605,1800
150,IM00601,16000
170,IM01454,5000
170,IM01455,90000
220,IM01628,6000
250,IM01723,2000
250,IM01908,18000
250,IM02225,18000
250,,20000
250,,32812
290,IM02297,4500
300,IM02573,1000
300,IM02575,1000
300,IM02574,1000
300,IM02583,1000
300,IM03136,4900
320,IM03672,2500
320,IM03670,3000
320,IM03673,3000
320,IM03789,8000
360,IM04236,2184
360,IM04105,11000
410,IM04582,10000
420,IM04664,600
150,IM00667,250
150,IM00668,1800
150,IM00666,16000
320,IM03801,8000
070,,15000
250,IM02163,4500
320,IM03803,8000
320,IM03802,8000
380,IM04323,60000
070,IM00060,4000
250,IM01722,3000
300,IM02581,1000
300,IM02582,1000
300,IM03152,2000
300,IM03151,4000
150,IM00603,250
150,IM00604,1800
150,IM00600,16000
070,,6500
150,IM00627,250
150,IM00628,1800
150,IM00626,16000
250,IM01912,18000
250,IM02039,18000
300,IM02576,1000
300,IM02577,1000
300,IM02572,1000
300,IM03409,7500
300,IM03410,9000
310,IM03533,4000
320,IM03795,8000
350,IM04022,8000
360,IM04238,4800
070,,15000
150,IM00670,250
150,IM00671,1800
150,IM00669,16000
300,IM02580,1000
320,IM03804,8000
150,IM00630,250
150,IM00631,1800
150,IM00629,16000
300,IM02578,1000
300,IM02579,1000
300,IM03411,3000
320,IM03671,40000
400,IM04382,15000
400,IM04491,50000
400,IM04490,50000
420,IM04671,350
080,IM00103,1000
130,IL00452,10000
130,IM00181,25000
130,,35000
140,IM00239,20000
150,IM00255,1500
150,IM00254,2000
150,IM00253,5464
190,IM01466,6000
190,IM01468,6000
190,IM01467,6000
200,IM01476,15000
200,IM01522,70000
220,IM01584,5000
220,IM01629,6000
220,IM01583,8000
220,IM01585,30000
250,IM01725,2000
250,IM01909,18000
250,,20000
250,,20000
280,IM02254,8000
280,IM02255,8000
280,IM02278,20000
290,IM02298,4000
290,IM02299,4500
300,IM02586,1000
300,IM02588,1000
300,IM02587,1000
300,IM02589,1000
300,IM02595,1000
300,IM02591,1000
300,IM02590,1000
300,IM02601,1000
300,IM02602,2000
300,IM02311,16000
300,IM02312,30000
320,IM03675,2500
320,IM03629,3000
320,IM03628,4000
320,,15000000
350,IM03983,4700
360,IM04106,8000
360,IM04062,10000
380,IM04313,2000
380,IM04312,5000
380,IM04310,17000
380,IM04311,26000
390,IM04346,4365
390,IM04335,15000
390,,24219
400,IM04366,50000
410,IM04573,12060
420,IM04666,800
420,,26219
420,,33390
450,IM04849,5000
450,IM04850,5000
450,IM04851,5000
500,IM04887,2250
150,IM00607,250
150,IM00608,1800
150,IM00606,16000
250,IM01911,4500
250,IM01910,18000
300,IM02585,1000
320,IM03791,8000
360,IM04237,3800
400,IM04489,50000
150,IM00653,250
150,IM00654,1800
150,IM00652,16000
300,IM02596,1000
300,IM03139,4000
160,IM01447,25000
250,IM02228,18000
300,IM02597,1000
300,IM02598,1000
300,IM03137,1500
310,IM03582,5000
380,IM04322,60000
420,IM04665,350
150,IM00624,250
150,IM00625,1800
150,IM00623,16000
250,IM01724,3000
250,IM02162,18000
310,IM03583,18000
320,IM03794,8000
320,IM03674,25000
420,IM04668,350
420,,17000
940,IM04914,15000
300,IM02599,1000
300,IM02600,1000
300,IM03415,9000
300,IM03138,25000
300,IM03414,25000
420,IM04676,800
300,IM02593,1000
300,IM02594,1000
300,IM02592,2000
300,IM02584,4500
320,IM03790,8000
420,IM04667,800
400,,150000
150,IM00844,250
150,IM00845,1800
150,IM00843,16000
250,IM02050,4500
250,IM02179,4500
250,,10000
250,IM01932,18000
250,IM01937,18000
250,,34809
300,IM03172,1000
300,IM03173,1000
300,IM03171,1000
300,IM02709,2000
300,IM03170,2000
300,IM03429,3000
300,IM02687,4500
300,IM03427,4800
300,IM03428,9000
300,IM02689,15000
300,IM02688,65000
400,IM04503,8000
400,IM04502,50000
420,IM04693,350
420,IM04716,350
150,IM00929,250
150,IM00930,1800
150,IM00928,16000
300,IM03166,1000
300,IM03437,7000
300,IM03442,9000
300,IM03435,10000
380,IM04327,60000
070,IM00068,3500
130,IM00218,4900
150,IM00861,250
150,IM00862,1800
150,IM00860,16000
300,IM02703,1000
300,IM02690,1000
300,IM02710,1000
300,IM03431,3000
320,IM03826,8000
360,IM04255,1440
360,IM04256,2160
360,,33000
360,,1000000
420,IM04700,350
300,IM02700,1000
300,IM02704,1000
400,IM04388,20000
420,IM04701,350
150,IM00867,250
150,IM00868,1800
150,IM00866,16000
200,IM01534,10000
250,,10000
250,,23840
300,IM02701,1000
300,IM02702,1000
300,IM03176,2000
350,IM04040,4800
420,IM04703,350
150,IM00870,250
150,IM00871,1800
150,IM00869,16000
250,IM01740,18000
250,IM01739,18000
300,IM02691,1000
300,IM02708,1000
300,IM02707,1000
300,IM02705,1000
300,IM02692,1000
300,IM03167,1000
300,IM03169,1000
300,IM03163,1000
300,IM03168,1000
300,IM03177,4000
300,IM03443,10000
300,IM03432,25000
320,IM03827,8000
320,IM03685,52000
360,IM04264,2400
420,IM04704,350
080,IM00106,330
130,IM00217,20000
150,IM00295,610
150,IM00294,1500
150,IM00293,15000
200,IM01533,8000
200,IM01479,10000
200,IM01532,10000
220,IM01641,6000
220,IM01642,7000
250,IM01935,18000
300,IM02706,1000
300,IM03438,7000
300,IM03362,15000
300,IM03436,15000
320,IM03686,2500
320,,40000
350,IM04038,4700
360,IM04162,5000
360,,150000
380,,110000
400,IM04514,22812
400,IM04512,50000
420,IM04708,500
430,IM04828,2200
940,IM04916,20000
300,IM03164,1000
420,IM04709,500
070,IM00071,3500
150,IM00897,250
150,IM00900,1800
150,IM00899,3060
150,IM00895,3500
150,IM00894,3500
150,IM00893,16000
150,IM00323,26500
300,IM03165,1000
420,IM04710,500
070,IM00072,3000
150,IM00896,250
150,IM00898,1800
150,IM00892,16000
300,IM01700,0
300,IM02693,1000
300,IM02694,1000
400,IM04513,15000
070,IM00066,3000
300,IM02695,1000
300,IM02699,1000
300,IM02698,1000
300,IM02696,1000
300,IM02697,1000
300,IM03162,4800
300,IM03426,7000
320,IM03821,8000
330,IM03937,40000
120,IM00157,30000
120,IM00158,30000
150,IM00902,250
150,IM00903,1800
150,IM00901,16000
300,IM03180,4500
320,IM03832,8000
150,IM00890,250
150,IM00891,1800
150,IM00889,3500
150,IM00888,6000
150,IM00887,16000
200,IM01544,10000
250,IM01745,18000
250,IM01742,18000
300,IM02718,1000
300,IM02719,1000
300,IM02720,1000
300,IM02711,1000
300,IM02721,1000
320,IM03831,8000
320,IM03688,15000
320,IM03689,65000
360,IM04258,1332
380,IM04326,60000
400,IM04511,50000
400,IM04510,50000
420,IM04707,350
150,IM00922,250
150,IM00921,250
150,IM00924,1800
150,IM00923,1800
150,IM00920,3500
150,IM00919,5000
150,IM00918,16000
150,IM00917,16000
250,IM01746,4500
250,IM01744,18000
250,IM01741,18000
300,IM02713,1000
300,IM02714,1000
330,IM03942,4000
330,IM03938,40000
420,IM04714,350
940,IM04918,45000
120,IM00159,15000
150,IM00911,250
150,IM00910,250
150,IM00296,1500
150,IM00913,1800
150,IM00912,1800
150,IM00909,3500
150,IM00908,16000
150,IM00907,16000
200,IM01536,8000
200,IM01545,8000
200,IM01503,10000
200,IM01535,10000
210,IM01569,20000
220,IM01643,6000
220,IM01644,7000
250,IM01743,18000
300,IM02712,1000
300,IM02716,1000
300,IM02717,1000
300,IM02715,1000
300,IM03440,3000
300,IM03181,25000
320,IM03690,2500
320,IM03687,3000
320,IM03834,8000
320,IM03833,8000
330,IM03939,4500
330,IM03940,10000
330,IM03941,10000
360,IM04260,4320
360,IM04163,6000
360,IM04112,14000
360,,450000
360,,534000
400,IM04392,35000
400,IM04391,50000
420,IM04712,600
430,IM04829,3000
940,IM04917,30000
150,IM00915,250
150,IM00916,1800
150,IM00914,16000
300,IM03183,1500
300,IM03182,4500
320,IM03835,8000
420,IM04713,350
070,IM00067,4000
150,IM00848,250
150,IM00850,1800
150,IM00849,2500
150,IM00846,16000
150,IM00847,25000
250,IM02056,4500
250,IM01749,18000
300,IM02730,1000
300,IM03174,4100
320,IM03822,8000
330,IM03962,8000
350,IM04039,1200
130,IM00215,20000
130,,39700
130,,85000
150,IM00856,8000
160,IM01448,25000
200,IM01504,8000
220,IM01645,6000
220,IM01646,34000
250,IM01755,2000
250,IM01754,2662
250,IM02055,4100
250,IM01753,4500
250,IM01748,18000
250,IM01750,18000
250,,20000
290,IM02300,2000
290,IM02301,2500
300,IM02724,1000
300,IM02728,1000
300,IM02725,1000
300,IM02727,1000
300,IM02726,1000
300,IM03430,7000
310,IM03602,10000
320,IM03697,2500
320,IM03696,4900
320,IM03825,8000
320,IM03693,38000
360,IM04114,4000
360,IM04254,4200
360,IM04115,25000
360,,160000
360,,200000
380,,200000
400,IM04506,8500
400,IM04387,35000
400,IM04386,38000
400,IM04385,50000
400,IM04505,50000
420,IM04699,1500
070,IM00070,2000
070,IM00069,4800
130,IM00219,4900
150,IM00879,250
150,IM00880,1800
150,IM00322,2000
150,IM00878,16000
200,IM01543,20000
220,IM01647,22000
250,IM02230,4500
250,IM01752,18000
250,IM01751,18000
300,IM02742,1000
300,IM02743,1000
300,IM02744,1000
300,IM02723,1000
300,IM02747,1000
300,IM02746,2000
300,IM03179,4600
300,IM03434,7000
300,IM02722,9000
300,IM03433,10000
310,IM03529,30000
320,IM03691,1200
320,IM03829,8000
320,IM03692,16000
320,IM03694,20000
350,IM03997,10000
360,IM04165,4000
360,IM04164,15360
360,IM04116,40000
360,IM04113,40000
390,,20000
400,IM04390,6000
400,IM04389,15000
400,IM04509,30000
420,IM04705,350
940,IM04920,60000
940,IM04921,120000
150,IM00926,250
150,IM00927,1800
150,IM00925,16000
250,IM01934,4500
250,IM02054,4500
250,IM01933,18000
250,IM01938,18000
300,IM03441,25000
320,IM03824,8000
320,IM03836,8000
320,IM03695,24000
360,IM04262,3600
360,IM04263,4020
420,IM04715,350
940,IM04924,35000
150,IM00885,250
150,IM00886,1800
150,IM00884,16000
250,IM02232,2000
250,,10000
250,IM02231,18000
300,IM02731,1000
300,IM02732,1000
300,IM02733,1000
360,IM04167,4000
360,IM04166,15000
420,IM04706,350
250,IM02057,4900
250,IM01939,18000
300,IM02740,1000
300,IM02741,1000
360,IM04261,4200
150,IM00905,250
150,IM00906,1800
150,IM00904,16000
250,IM01747,18000
300,IM02734,1000
300,IM02735,1000
300,IM03439,1000
310,IM03536,4500
360,IM04259,3360
420,IM04711,350
940,IM04923,32000
940,IM04922,75000
150,IM00873,250
150,IM00874,1800
150,IM00872,16000
300,IM02737,1000
300,IM02745,1000
300,IM03178,4800
310,IM03603,7000
320,IM03828,8000
350,IM04041,10821
400,IM04508,50000
430,IM04830,3000
150,IM00876,250
150,IM00877,1800
150,IM00875,16000
250,IM02058,4500
250,IM02053,18000
300,IM02738,1000
300,IM02739,1000
070,,70000
150,IM00882,250
150,IM00883,1800
150,IM00881,16000
250,IM01940,18000
300,IM02736,1000
320,IM03830,8000
070,,80000
150,IM00858,250
150,IM00859,1800
150,IM00857,16000
300,IM02729,1000
120,,18000
130,IM00170,10000
130,,15000
130,IM00195,15000
130,IM00191,17000
130,IM00216,20000
130,,40000
130,,85000
150,IM00263,1500
150,IM00262,2000
150,IM00854,2500
150,IM00853,3500
150,IM00261,5316
150,IM00852,10000
150,IM00851,25000
180,,79645
180,,261039
180,,440000
190,IM01470,18000
200,IM01478,10000
200,IM01520,14000
250,IM02180,18000
250,IM02181,18000
250,,28802
250,,36000
250,,36000
250,,43000
280,,2000
280,,4000
280,,4500
280,IM02259,8000
280,IM02260,8000
280,,14000
280,,17500
280,,20000
280,,25000
280,,30000
300,IM02314,4200
300,IM02315,30000
310,IM03522,4000
310,IM03521,50000
320,IM03633,3000
320,IM03699,3000
320,IM03632,4000
330,IM03907,7000
330,IM03909,9000
330,IM03908,34000
350,IM04057,2000
350,IM04058,12000
360,IM04066,10000
360,IM04065,15000
360,,75000
360,,2000000
360,,2000000
380,IM04307,30000
380,,2764000
390,IM04337,15000
390,,25000
400,,25000
400,IM04360,25000
400,IM04384,25000
400,,30000
400,,100000
420,IM04694,2000
450,IM04855,5000
450,IM04856,5000
450,IM04857,5000
460,IM04875,4500
460,,40000
500,IM04889,1340
500,,10000
940,IM04919,700000
150,IM00855,9200
420,IM04695,2000
250,IM01757,45000
300,IM02749,1000
300,IM02751,1000
300,IM02750,1000
300,IM02752,1000
300,IM02757,1000
300,IM02748,1000
300,IM02761,1000
300,IM02758,1000
300,IM03175,4500
320,IM03823,8000
320,IM03698,50000
420,IM04696,2000
130,,100000
250,IM02052,4500
250,IM02051,18000
300,IM02753,1000
300,IM02754,1000
420,IM04697,2000
300,IM02759,1000
300,IM02760,1000
300,IM02755,1000
300,IM02756,1000
380,,60000
400,IM04504,50000
420,IM04698,2000
150,IM00864,250
150,IM00865,1800
150,IM00321,4500
150,IM00863,16000
220,IM01648,6000
250,IM01756,18000
250,IM01936,18000
360,IM04257,2880
380,,1500000
400,IM04507,20000
420,IM04702,600
460,IM04873,19000
460,IM04874,190000
070,IM00036,2500
070,IM00035,153879
080,IM00105,3493
080,,15000
080,,35000
080,,60000
080,,80000
080,,365000
120,,18000
120,,50000
130,,75000
220,IM01590,5000
220,IM01589,8000
220,IM01591,10000
250,,10000
250,,10000
250,IM02182,18000
350,IM04056,6500
410,IM04574,10000
070,IM00024,10000
080,IM00107,900
080,IM00109,4700
080,IM00110,27000
120,IM00160,4500
130,,100000
130,,140000
140,IM00241,20000
150,IM00961,250
150,IM00268,1500
150,IM00960,1800
150,IM00267,4000
150,IM00966,4000
150,IM00265,4502
150,IM00959,14000
150,IM00264,15000
150,IM00957,16000
150,IM00266,150000
190,IM01471,20000
200,IM01529,50000
210,IM01570,20000
220,IM01593,5000
220,IM01649,6000
220,IM01592,8000
220,IM01594,20000
250,IM01759,2000
250,IM01758,3500
250,IM02184,18000
250,,20000
250,,20000
250,,41499
280,,4000
280,IM02261,4000
280,,5000
280,,8000
280,,8000
280,IM02262,8000
280,IM02288,8000
280,,12000
280,,25000
280,,30000
280,,58000
290,IM02290,4000
290,IM02291,4500
300,IM02764,1000
300,IM02766,1000
300,IM02765,1000
300,IM02778,1000
300,IM02783,1000
300,IM02782,1000
300,IM02779,1000
300,IM02781,1000
300,IM02763,1000
300,IM02762,4500
300,IM03446,10000
300,,20000
300,IM02316,30000
300,,50000
300,,50000
300,,50000
300,,50000
300,,50000
300,,50000
300,,200000
300,,200000
300,,1300000
310,IM03605,7600
320,IM03634,3000
320,IM03841,8000
330,IM03910,7000
330,IM03912,9000
330,IM03963,25000
330,IM03911,34000
350,IM03986,6500
360,IM04168,4000
360,IM04068,10000
360,IM04067,15000
360,IM04198,20000
360,IM04197,30000
360,,159000
360,,500000
360,,800000
360,,6000000
380,,70000
380,,1000000
390,IM04347,4364
390,IM04338,15000
390,,20000
390,,20000
390,,20000
390,,21500
390,,30000
400,,25000
420,IM04718,1000
450,IM04858,5000
450,IM04859,5000
450,IM04860,5000
460,IM04876,12000
460,IM04877,125000
500,,10000
150,IM01038,250
150,IM01039,1800
150,IM01037,16000
320,IM03851,8000
150,IM01043,250
150,IM01042,1800
150,IM01041,3500
150,IM01040,16000
300,IM02776,1000
300,IM02777,1000
320,,2000
320,IM03852,8000
070,,15000
150,IM01044,3500
300,IM03357,4000
320,,2000
420,IM04728,350
070,,6500
150,IM00988,250
150,IM00987,250
150,IM00990,1800
150,IM00989,1800
150,IM00986,16000
150,IM00985,16000
070,IM00073,3000
150,IM00941,250
150,IM00940,250
150,IM00944,1800
150,IM00942,1800
150,IM00943,3060
150,IM00939,3500
150,IM00938,16000
150,IM00937,16000
250,IM02059,18000
250,IM02183,18000
300,IM03184,1500
320,,2000
320,,2000
320,IM03700,78000
350,IM03999,8000
360,IM04265,5916
430,IM04831,3000
430,,15000
150,IM01004,250
150,IM01003,250
150,IM00341,1500
150,IM01006,1800
150,IM01005,1800
150,IM01002,3500
150,IM01001,3500
150,IM01000,6000
150,IM00340,13000
150,IM00999,16000
150,IM00325,26500
250,IM02065,3000
250,IM01946,4500
300,IM02768,1000
300,IM02770,1000
300,IM02769,1000
300,IM03447,3000
300,IM03188,4500
310,IM03607,10000
320,,2000
320,,2000
350,IM03987,1896
350,IM03985,2000
350,IM04000,3500
350,IM03998,4500
350,IM04001,12000
420,IM04723,600
150,IM00984,250
150,IM00983,1800
150,IM00982,3500
150,IM00981,16000
200,IM01505,50000
250,IM01943,18000
300,IM02780,1000
300,IM02771,1000
300,IM02772,1000
300,IM02773,1000
300,IM02775,1000
300,IM02774,1000
310,IM03606,18000
360,IM04267,2280
380,IM04328,60000
070,,15000
150,IM00949,250
150,IM00950,250
150,IM00948,1800
150,IM00951,1800
150,IM00324,2000
150,IM00947,3500
150,IM00946,16000
150,IM00945,16000
300,IM03444,8000
300,IM03185,25000
310,IM03604,7600
320,,2000
150,IM00962,250
150,IM00963,250
150,IM00965,1800
150,IM00964,1800
150,IM00958,16000
150,IM00956,16000
250,IM01945,18000
310,IM03610,18000
320,,2000
070,,70000
150,IM00970,250
150,IM00972,1800
150,IM00971,2500
150,IM00973,3060
150,IM00969,3500
150,IM00967,16000
150,IM00968,25000
220,IM01650,30000
250,IM02062,18000
300,IM02767,1000
320,IM03842,8000
420,IM04719,1000
070,,6500
150,IM00979,250
150,IM00980,1800
150,IM00978,16000
250,IM01948,4500
250,IM01947,18000
420,IM04721,1000
070,IM00074,3000
080,IM00108,300
130,IM00220,25000
150,IM00976,250
150,IM00977,1800
150,IM00975,3500
150,IM00974,16000
200,IM01506,8000
200,IM01537,10000
210,IM01571,10000
220,IM01652,6000
230,IM01709,25000
230,,30000
250,IM02185,4500
250,IM02233,18000
250,,23135
300,IM02810,4500
310,IM03539,25000
320,,2000
320,,2000
320,IM03843,8000
360,IM04266,3720
360,IM04119,5000
360,IM04118,9095
390,IM04348,4365
420,IM04720,600
070,IM00075,4000
150,IM00996,250
150,IM00995,250
150,IM00998,1800
150,IM00997,1800
150,IM00994,3500
150,IM00993,3500
150,IM00992,16000
150,IM00991,16000
250,IM02064,2000
250,IM02063,3000
250,IM01944,18000
300,IM02812,1000
300,IM02814,1000
300,IM02815,1000
300,IM02813,1000
300,IM02816,1000
300,IM02811,1000
300,IM02817,1000
300,IM02818,1000
300,IM03187,2000
320,,2000
320,IM03844,8000
400,IM04515,10000
420,IM04722,350
150,IM00954,250
150,IM00955,1800
150,IM00953,3500
150,IM00952,16000
250,IM02061,4000
250,IM01763,4500
250,IM02060,4500
300,IM03445,2000
300,IM03186,4500
320,,2000
320,IM03840,8000
420,IM04717,600
070,,80000
150,IM01014,250
150,IM01012,250
150,IM01016,1800
150,IM01015,1800
150,IM01013,2500
150,IM01011,3500
150,IM01010,3500
150,IM01009,16000
150,IM01007,16000
150,IM01008,25000
160,IM01449,25000
220,IM01651,6000
250,IM01762,2000
250,IM01942,18000
250,,30000
300,IM02800,1000
300,IM02801,1000
300,IM02786,1000
300,IM02787,1000
300,IM02789,1000
300,IM02792,1000
300,IM02791,1000
300,IM02790,1000
300,IM02788,1000
300,IM02793,1000
300,IM02799,1000
300,IM02798,1000
300,IM02797,1000
300,IM02796,1000
300,IM02795,1000
300,IM02784,4500
300,IM03449,8500
300,IM03448,15000
310,IM03608,10000
320,IM03701,3000
320,IM03702,67000
330,IM03943,65000
330,IM03964,65000
350,IM04042,4600
360,IM04117,5000
420,IM04724,600
070,,11200
070,,15000
150,IM00934,250
150,IM00933,250
150,IM00936,1800
150,IM00935,1800
150,IM00932,16000
150,IM00931,16000
250,IM01761,3500
250,IM01760,18000
250,IM01941,18000
300,IM02802,1000
300,IM02785,1000
300,IM02809,1000
300,IM02808,1000
300,IM02807,1000
300,IM02806,1000
300,IM02805,1000
300,IM02804,1000
300,IM02803,1000
300,IM02794,1000
320,IM03838,8000
320,IM03839,8000
320,IM03837,8000
150,IM01022,250
150,IM01021,250
150,IM01024,1800
150,IM01023,1800
150,IM01020,3500
150,IM01019,3500
150,IM01018,16000
150,IM01017,16000
250,IM01765,2000
250,,30000
300,IM03451,3000
300,IM03450,8500
300,IM03363,15000
310,IM03609,7000
320,IM03846,8000
320,IM03845,8000
400,IM04361,15000
400,IM04393,25000
420,IM04725,600
430,IM04832,3000
080,IM00111,9690
120,IM00162,4500
120,IM00161,10000
150,IM01030,250
150,IM01029,250
150,IM01032,1800
150,IM01031,1800
150,IM01028,3500
150,IM01027,3500
150,IM01026,16000
150,IM01025,16000
150,IM00297,40000
220,IM01653,6000
220,IM01654,10000
230,IM01710,25000
250,IM02186,18000
250,IM02234,18000
280,IM02282,15000
300,IM02821,1000
300,IM02823,1000
300,IM02824,1000
300,IM02820,1000
300,IM02825,1000
300,IM02822,1000
300,IM02819,4500
320,,2000
320,,2000
320,,2000
320,IM03704,3000
320,IM03847,8000
320,IM03703,85000
350,IM04043,2700
360,IM04268,2712
360,IM04120,5000
420,IM04726,600
420,IM04594,10000
130,IM00221,30000
150,IM01047,250
150,IM01048,1800
150,IM01046,3500
150,IM01045,16000
320,IM03854,8000
320,IM03853,8000
150,IM01035,250
150,IM01036,1800
150,IM01034,3500
150,IM01033,16000
250,IM02066,3000
250,IM01764,18000
250,,24500
300,IM03189,1500
310,IM03611,10000
320,IM03849,8000
320,IM03850,8000
320,IM03848,8000
360,IM04170,5000
360,IM04169,6809
420,IM04727,350
330,IM03975,20000
330,IM03976,25000
330,IM03977,25000
330,IM03978,35000
130,IM00223,50000
150,IM01081,250
150,IM01082,1800
150,IM01080,16000
250,IM02079,4000
250,IM01953,4500
250,IM02078,18000
300,IM02845,1000
300,IM02847,1000
300,IM02849,1000
300,IM02846,1000
310,IM03553,2000
310,IM03551,5000
310,IM03552,5000
310,IM03550,8000
360,IM04173,4000
150,IM01084,250
150,IM01085,1800
150,IM01083,16000
160,IM01450,25000
210,IM01557,30000
220,IM01657,6000
220,IM01658,10000
250,IM02080,2000
250,IM01769,18000
250,IM01954,18000
250,IM02188,18000
250,IM02189,18000
250,IM02236,18000
290,IM02302,4500
300,IM02841,1000
300,IM02842,1000
300,IM02843,1000
300,IM02848,1000
300,IM02844,1000
300,IM03457,3000
300,IM02839,4500
300,IM03455,20000
300,IM03456,25000
320,IM03708,3000
330,IM03944,40000
360,IM04274,2040
360,IM04273,2520
360,IM04122,5000
400,IM04519,50000
410,IM04584,20000
420,IM04735,350
430,IM04834,3000
070,,75000
070,,85000
150,IM01127,250
150,IM01125,250
150,IM01129,1800
150,IM01128,1800
150,IM01126,2500
150,,15000
150,IM01124,16000
150,IM01122,16000
150,IM01123,25000
150,IM00326,26500
210,IM01572,20000
250,IM02190,18000
250,,29871
300,IM02850,1000
300,IM02853,1000
300,IM02840,1000
300,IM02852,1000
300,IM02851,1000
300,IM02838,15000
300,IM03364,15000
300,,30000
310,IM03537,30000
320,,30000
320,IM03706,37000
320,,40000
320,IM03707,69000
390,IM04349,4364
400,IM04524,50000
400,IM04422,70000
420,IM04740,350
420,IM04595,10000
150,IM01090,250
150,IM01091,1800
150,IM01089,16000
150,IM01118,250
150,IM01119,1800
150,IM01117,16000
250,IM01770,18000
150,IM01140,250
150,IM01141,1800
150,IM01139,16000
200,IM01548,8000
250,IM02081,2000
360,IM04282,1920
080,IM00112,852
130,,75000
150,IM01115,250
150,IM01116,1800
150,IM01114,16000
220,IM01659,6000
220,IM01660,7000
250,IM01773,2000
250,IM01772,18000
250,IM01771,18000
250,,30000
280,IM02283,4000
300,IM02857,1000
300,IM02855,1000
300,IM02856,1000
300,IM02859,1000
300,IM02858,1000
300,IM03459,8000
320,IM03709,55000
330,IM03945,20000
360,IM04278,2400
360,IM04123,5000
400,IM04522,15000
400,IM04521,50000
420,IM04739,600
940,IM04925,100000
070,,6500
150,IM01121,3500
150,IM01120,3500
250,IM02085,2000
250,IM02083,18000
300,IM02862,1000
300,IM02864,1000
300,IM02863,1000
300,IM03460,3000
400,IM04523,15000
150,IM01052,250
150,IM01051,250
150,IM01054,1800
150,IM01053,1800
150,IM01050,16000
150,IM01049,16000
250,IM02068,4500
250,IM02067,18000
300,IM02867,1000
300,IM02854,1000
300,IM03452,9000
070,IM00080,4000
150,IM01097,250
150,IM01098,1800
150,IM01096,7000
150,IM01095,16000
250,IM02086,4200
250,IM02084,18000
300,IM02860,1000
300,IM02861,1000
360,IM04276,2760
150,IM01106,250
150,IM01107,1800
150,IM01105,3500
150,IM01104,16000
250,IM02088,4200
250,IM02191,4500
250,IM02193,18000
300,IM02865,1000
300,IM02866,1000
300,IM03192,1500
360,IM04277,1800
420,IM04738,350
070,IM00037,5000
150,IM01137,250
150,IM01138,1800
150,IM01136,16000
200,IM01508,10000
220,IM01661,6000
220,IM01662,7000
220,IM01663,10000
250,IM02073,4100
250,IM01775,18000
250,IM02237,18000
280,IM02284,45000
300,IM02869,1000
300,IM02870,1000
300,IM02872,1000
300,IM02874,1000
300,IM02873,1000
300,IM02871,1000
300,IM03191,4500
310,IM03615,7600
320,IM03710,2500
360,IM04281,1536
360,IM04124,4000
360,IM04171,11000
400,IM04526,15000
400,IM04527,25000
420,IM04743,600
070,IM00079,3000
150,IM01078,250
150,IM01079,1800
150,IM01077,16000
250,IM01774,18000
300,IM02875,1000
300,IM02876,1000
400,IM04518,50000
150,IM01093,250
150,IM01094,1800
150,IM01092,16000
200,IM01549,8000
250,IM02071,18000
300,IM02877,1000
350,IM04002,2000
070,IM00078,4000
150,IM01075,250
150,IM01076,1800
150,IM01074,16000
250,IM01778,4500
250,IM01952,4500
250,IM01776,18000
250,IM01777,18000
300,IM02878,1000
300,IM02880,1000
300,IM02868,1000
300,IM02881,1000
300,IM02879,1000
310,IM03613,7600
080,IM00113,918
120,,35450
130,IM00192,30000
130,,50000
140,IM00242,20000
150,IM00271,1500
150,IM00270,2000
150,IM00269,6121
190,IM01472,35000
200,IM01481,15000
200,IM01480,80000
220,IM01596,5000
220,IM01664,6000
220,IM01597,7000
220,IM01595,8000
230,IM01706,35000
250,IM01784,2000
250,IM01783,3900
250,IM02076,4500
250,IM01780,18000
250,IM02187,18000
250,,48000
250,,48000
280,IM02263,8000
280,IM02264,8000
280,,25000
300,IM03454,3000
300,IM02317,4000
300,IM02318,30000
300,IM02883,60000
300,,100000
300,,300000
320,IM03636,3000
320,IM03635,4000
330,IM03916,5000
330,IM03913,7000
330,IM03915,9000
330,IM03914,34000
350,IM04003,8000
360,IM04172,4000
360,IM04069,10000
360,,60000
360,,60000
360,,70000
360,,100000
360,,1000000
360,,8000000
380,,100000
380,,144500
380,,940000
390,IM04339,15000
390,,20000
390,,20000
390,,20000
390,,30000
400,IM04517,50000
400,IM04421,75000
420,IM04730,800
450,IM04861,5000
450,IM04862,5000
450,IM04863,5000
460,IM04878,25000
500,IM04890,7400
150,IM01058,4000
220,IM01665,40000
250,IM02070,18000
320,,80000
360,IM04270,1920
420,IM04729,350
070,IM00081,4000
250,IM01781,18000
300,IM02890,1000
300,IM02891,1000
300,IM02892,1000
320,IM03711,30000
400,IM04525,15000
420,IM04742,350
250,IM02072,3500
250,IM01779,18000
250,IM02235,18000
300,IM02893,1000
300,IM02895,1000
300,IM02894,1000
300,IM03190,2000
320,,28000
320,,30000
150,IM01131,250
150,IM01132,1800
150,IM01130,16000
250,IM02093,4500
250,IM01955,18000
250,IM01956,18000
250,,31572
300,IM02884,1000
300,IM02897,1000
300,IM02898,1000
300,IM02896,1000
300,IM02882,16000
360,IM04279,1920
360,,100000
400,IM04423,75000
420,IM04741,350
300,IM02885,1000
300,IM02887,1000
300,IM02886,1000
420,IM04731,800
250,IM01782,18000
300,IM02888,1000
300,IM02889,1000
420,IM04733,800
130,IM00222,20000
150,IM01063,250
150,IM01064,1800
150,IM01062,16000
200,IM01546,8000
250,IM01788,4500
250,IM01949,18000
250,IM02077,18000
300,IM02905,1000
300,IM02906,1000
300,IM02907,1000
300,IM02908,1000
420,IM04732,350
150,IM01087,250
150,IM01088,1800
150,IM01086,16000
150,IM00298,25000
200,IM01509,110000
220,IM01666,6000
220,IM01667,10000
250,IM01785,18000
250,,23242
250,,28501
250,,33366
250,,34762
250,,36968
250,,41714
300,IM02901,1000
300,IM02902,1000
300,IM02903,1000
300,IM02904,1000
300,IM02899,4500
320,IM03714,2500
320,IM03712,3000
330,IM03946,20000
350,IM04044,2000
350,IM04045,4700
360,IM04275,1164
360,IM04174,5000
360,IM04125,15000
360,,1200000
410,IM04585,20000
420,IM04736,600
150,IM01109,250
150,IM01110,1800
150,IM01108,16000
250,IM02082,4000
300,IM02909,1000
300,IM02911,1000
300,IM02910,1000
300,IM02912,1000
300,IM02900,1000
400,IM04362,50000
150,IM01112,250
150,IM01113,1800
150,IM01111,16000
220,IM01668,10000
250,IM02092,4000
250,IM01786,18000
150,IM01134,250
150,IM01135,1800
150,IM01133,16000
250,IM01787,18000
250,IM02194,18000
300,IM03194,1500
320,IM03713,29000
320,,30000
360,IM04280,3840
150,IM01101,250
150,IM01103,1800
150,IM01102,2500
150,IM01099,16000
150,IM01100,25000
220,IM01669,6000
250,IM02087,4300
250,IM02192,18000
250,,30000
300,IM02916,1000
300,IM02917,1000
300,IM02918,1000
300,IM02920,1000
300,IM02922,1000
300,IM02921,1000
300,IM02919,1000
300,IM02913,4500
300,IM02914,4500
300,IM03458,25000
300,,2000000
310,IM03614,7000
320,IM03715,3000
320,,19000
350,IM04046,3000
360,IM04126,5000
360,IM04175,90000
420,IM04737,600
430,IM04835,3100
070,IM00076,4000
150,IM01056,250
150,IM01057,1800
150,IM01055,16000
250,IM02069,4000
250,IM01792,4500
250,IM01791,18000
250,IM01789,18000
300,IM02923,1000
300,IM02924,1000
300,IM02926,1000
300,IM02925,1000
310,IM03612,7600
320,IM03716,53000
360,IM04269,2037
150,IM01060,250
150,IM01061,1800
150,IM01059,16000
250,IM02074,1500
250,IM01790,18000
300,IM02927,1000
300,IM02915,1000
300,IM03453,10000
360,IM04271,1320
400,IM04516,35000
080,IM00114,6110
150,IM01072,250
150,IM01073,1800
150,IM01071,16000
200,IM01507,25000
220,IM01655,6000
220,IM01656,10000
250,IM01768,2000
250,IM02075,4200
250,IM01950,18000
250,IM01951,18000
250,,30000
300,IM02835,1000
300,IM02836,1000
300,IM02826,1000
300,IM02837,1000
320,IM03705,75000
360,IM04272,3000
360,IM04121,4000
360,,159000
410,IM04586,20000
420,IM04734,600
430,IM04833,3100
070,IM00077,3000
150,IM01066,250
150,IM01067,1800
150,IM01065,16000
200,IM01547,8000
250,IM01766,18000
300,IM02831,1000
300,IM02833,1000
300,IM02832,1000
320,,90000
150,IM01069,250
150,IM01070,1800
150,IM01068,16000
250,IM01767,18000
300,IM02827,1000
300,IM02828,1000
300,IM02830,1000
300,IM02829,1000
070,,85000
250,IM02090,1500
250,IM02091,3100
250,IM02089,18000
300,IM02834,1000
300,IM03193,25000
400,IM04520,50000
070,IM00084,3000
080,IM00132,150
120,IM00154,20000
150,IM01221,250
150,IM01222,1800
150,IM01220,16000
220,IM01670,6000
250,IM01794,18000
250,IM01965,18000
250,IM02243,18000
300,IM03296,1000
300,IM03297,1000
300,IM03298,1000
300,IM03295,1000
320,IM03719,3000
320,IM03868,8000
360,IM04127,4000
400,IM04544,50000
420,IM04771,600
460,IM04883,25000
150,IM01206,250
150,IM01207,1800
150,IM01205,16000
250,IM02242,18000
300,IM03279,1000
300,IM03280,1000
300,IM03282,1000
300,IM03278,1000
300,IM03281,1000
320,IM03717,20000
360,IM04293,3600
380,IM04329,60000
400,IM04426,1500
400,IM04539,50000
420,IM04765,350
150,IM01187,250
150,IM01188,1800
150,IM01186,16000
250,IM01793,18000
250,IM01961,18000
300,IM03248,1000
300,IM03250,1000
300,IM03251,1000
300,IM03252,1000
300,IM03247,1000
300,IM03253,1000
300,IM03249,1000
300,IM03473,25000
320,IM03861,8000
320,IM03718,40000
400,IM04363,10000
400,IM04535,50000
420,IM04758,350
130,IM00224,20000
150,IM01144,250
150,IM01146,1800
150,IM01145,2500
150,IM01142,16000
150,IM01143,25000
250,IM02110,4000
250,IM02109,4500
250,IM02196,18000
330,IM03947,20000
360,IM04283,3840
420,IM04744,350
070,IM00040,4000
210,IM01573,10000
220,IM01687,6000
250,IM02201,18000
250,IM02241,18000
250,,20690
300,IM03271,1000
300,IM03272,1000
300,IM03270,1000
300,IM03481,2000
300,IM02944,90000
300,,2500000
310,IM03556,3000
310,IM03554,4000
310,IM03555,4000
310,IM03559,4000
310,IM03557,10000
310,IM03560,10000
310,IM03561,10000
310,IM03558,15000
310,IM03530,40000
320,IM03864,8000
320,IM03731,15000
360,IM04139,4000
360,,100000
360,,2000000
400,IM04364,4000
400,IM04538,4000
400,IM04537,50000
420,IM04763,600
080,IM00134,150
080,IM00120,600
150,IM01203,250
150,IM01204,1800
150,IM01202,16000
250,IM02105,3000
250,IM02200,4500
250,IM01821,18000
300,IM03274,1000
300,IM03276,1000
300,IM03275,1000
300,IM03277,1000
300,IM03273,1000
420,IM04764,350
130,,35000
250,IM02108,3000
300,IM03293,1000
300,IM03292,1000
320,IM03866,8000
400,IM04543,8500
400,IM04542,8500
400,IM04541,50000
420,IM04769,350
070,IM00083,3890
300,IM03294,1000
320,IM03867,8000
420,IM04770,350
150,IM01218,250
150,IM01219,1800
150,IM01217,16000
250,IM01964,18000
300,IM03291,1000
300,IM03290,1000
420,IM04768,350
130,,70000
150,IM01215,250
150,IM01216,1800
150,IM01214,16000
300,IM03289,1000
300,IM03288,1000
310,IM03618,7600
400,IM04540,8500
420,IM04767,350
070,,80000
150,IM01184,250
150,IM01185,1800
150,IM01183,16000
250,IM02107,18000
300,IM03246,1000
400,IM04534,50000
420,IM04757,350
150,IM01212,250
150,IM01213,1800
150,IM01211,16000
250,IM01822,18000
300,IM03287,1000
310,IM03540,25000
070,,6500
250,IM01963,18000
300,IM03491,15000
400,IM04549,8500
420,IM04775,350
070,IM00082,3000
080,IM00115,140
080,IM00133,161
080,IM00116,2743
150,IM00299,200
150,IM01149,1800
150,IM01147,16000
220,IM01671,6000
250,IM01798,2000
250,IM02094,3500
250,IM02238,18000
300,IM03197,1000
300,IM03200,1000
300,IM03201,1000
300,IM03196,1000
300,IM03202,1000
300,IM03198,1000
300,IM03199,1000
300,IM02928,4500
300,IM03462,7000
300,IM03461,10000
300,IM02930,15000
300,IM02929,65000
320,IM03855,8000
320,IM03721,20000
350,IM04004,2500
360,IM04284,2880
360,IM04285,3600
360,IM04129,4000
360,IM04128,20000
360,IM04130,80000
400,IM04394,4000
400,IM04529,15000
400,IM04528,50000
420,IM04745,600
250,IM02097,3000
300,IM03467,2000
300,IM03225,4000
300,IM03466,25000
320,IM03720,28000
360,IM04288,2508
420,IM04752,350
150,IM01171,8000
250,IM01959,18000
300,IM03228,1000
300,IM03227,1000
300,IM03226,2500
300,IM03468,3000
320,IM03859,8000
320,,60000
400,IM04399,4000
400,IM04398,25000
420,IM04753,350
150,IM01209,250
150,IM01210,1800
150,IM01208,16000
250,IM01797,4500
250,IM02106,18000
300,IM03285,1000
300,IM03286,1000
300,IM03283,1000
300,IM03284,2000
310,IM03617,18000
320,IM03865,8000
420,IM04766,350
150,IM01244,250
150,IM01245,1800
150,IM01243,16000
250,IM01796,18000
300,IM03195,4900
360,IM04296,2700
360,IM04297,3000
380,IM04330,60000
150,IM01159,250
150,IM01160,1800
150,IM01161,3060
150,IM01158,3500
150,IM01157,3500
150,IM01156,16000
250,IM01795,18000
420,IM04748,350
150,IM01148,250
330,IM03948,40000
940,IM04926,40000
070,IM00038,153879
120,IM00163,4500
120,IM00164,4500
150,IM01199,250
150,IM01198,250
150,IM01201,1800
150,IM01200,1800
150,IM01197,16000
150,IM01196,16000
180,,100000
180,,195000
180,,200000
220,IM01678,6000
220,IM01679,10000
250,IM01812,2000
250,IM01809,18000
250,IM01962,18000
290,IM02304,2000
290,IM02305,2000
300,IM03264,1000
300,IM03265,1000
300,IM03263,1000
300,IM03267,1000
300,IM03266,1000
300,IM02935,1500
300,IM03478,13000
320,IM03728,2500
320,IM03726,3000
360,IM04177,5000
360,,400000
400,IM04402,35000
400,IM04401,50000
420,IM04761,600
430,IM04837,3000
150,IM01225,250
150,IM01226,1800
150,IM01224,16000
250,IM01810,18000
250,IM01808,18000
250,IM02095,18000
250,IM02244,18000
300,IM03304,1000
300,IM03305,1000
300,IM03303,1000
300,IM03306,1000
300,IM03488,3500
300,IM03486,10000
300,IM03487,15000
300,IM03485,25000
350,IM04049,5100
420,IM04773,350
250,IM02104,4000
250,IM02103,18000
300,IM03269,1000
300,IM03268,1000
300,IM03480,6000
300,IM03479,10000
320,IM03863,8000
330,IM03949,20000
360,IM04291,1200
360,IM04292,2640
420,IM04762,350
130,IM00225,25000
150,IM01223,3500
220,IM01680,8500
250,IM02112,2000
250,IM02113,4000
250,IM02114,4000
250,IM01811,18000
250,IM02111,18000
300,IM03301,1000
300,IM03302,1000
300,IM03300,1000
300,IM02934,1500
300,IM02936,1500
300,IM02933,1500
300,IM03483,7000
300,IM03484,13000
300,IM03482,15000
300,IM02932,22000
300,IM03299,25000
320,IM03727,40000
400,IM04546,8000
400,IM04545,50000
420,IM04772,350
940,IM04931,8500
940,IM04930,25000
150,IM01228,250
150,IM01229,1800
150,IM01227,16000
300,IM03314,1000
300,IM03313,1000
300,IM03315,1000
300,IM03490,3000
300,IM03312,4000
300,IM03365,4200
300,IM03489,10000
320,IM03870,8000
320,IM03869,8000
360,IM04294,3000
400,IM04404,4000
400,IM04548,8000
400,IM04403,25000
400,IM04547,50000
420,IM04774,350
150,IM01234,250
150,IM01235,1800
150,IM01233,16000
250,IM01957,18000
320,IM03872,8000
070,IM00025,4500
080,IM00119,760
120,IM00143,10000
130,IM00187,15000
130,,25000
130,,50000
150,IM01151,250
150,IM00276,1500
150,IM01152,1800
150,IM00275,2000
150,IM00274,5000
150,IM00272,6331
150,IM01150,16000
150,IM00273,21000
190,IM01473,18000
200,IM01483,5000
220,IM01599,5000
220,IM01681,6000
220,IM01598,8000
220,IM01682,28500
220,IM01683,30000
220,,75000
230,IM01707,25000
250,IM01817,2000
250,IM01816,3000
250,IM01813,18000
250,IM02239,18000
250,,29954
250,,30000
250,,56000
250,,56000
280,IM02265,8000
280,IM02266,8000
300,IM02938,1000
300,IM03212,1000
300,IM03213,1000
300,IM02319,30000
310,,10000
320,IM03638,3000
320,IM03637,4000
330,IM03917,7000
330,IM03919,9000
330,IM03918,34000
350,IM04005,10000
360,IM04287,1440
360,IM04286,1830
360,IM04135,4000
360,IM04070,10000
360,,100000
360,,200000
380,,150000
390,,10000
390,IM04340,15000
390,,20000
390,,20000
390,,20000
390,,25000
390,,30000
390,,275000
400,IM04396,4000
400,IM04531,4000
400,IM04395,10000
400,IM04424,10000
400,IM04425,20000
400,IM04530,50000
420,IM04746,800
450,IM04864,5000
450,IM04865,5000
450,IM04866,5000
460,IM04879,12000
460,IM04880,125000
500,IM04891,70000
940,IM04928,27000
940,IM04929,150000
150,IM01163,250
150,IM01164,1800
150,IM01162,16000
200,IM01482,50000
250,IM01815,18000
250,IM01958,18000
250,IM02198,18000
300,IM02937,1000
300,IM03214,1000
300,IM03215,1000
300,IM03204,1000
320,IM03729,20000
420,IM04749,800
150,IM01169,250
150,IM01170,1800
150,IM01168,16000
250,IM01814,18000
250,IM02195,18000
300,IM03205,1000
300,IM03211,1000
300,IM03206,1000
300,IM03207,1000
300,IM03208,1000
300,IM03210,1000
300,IM03209,1000
300,IM03465,15000
300,IM03203,25000
420,IM04751,800
070,IM00039,4000
150,IM01175,9300
200,IM01512,50000
220,IM01684,6000
220,IM01685,10000
250,IM02100,2500
250,IM01820,3500
250,IM02099,4500
250,IM01960,18000
250,IM02098,18000
300,IM02941,1000
300,IM02943,1000
300,IM02942,1000
300,IM02940,1000
300,IM03233,1000
300,IM03234,1000
300,IM03235,1000
300,IM03236,1000
300,IM03238,1000
300,IM03240,1000
300,IM03232,1000
300,IM03239,1000
300,IM03237,1000
300,IM03470,2000
300,IM03471,3000
300,IM03469,18000
300,,100000
310,,10000
320,IM03860,8000
320,IM03730,60000
350,IM04006,2500
360,IM04289,2700
360,IM04137,5000
360,IM04136,90000
360,IM04138,95000
380,,46000
380,IM04315,50000
380,,200000
400,IM04400,4000
400,IM04533,35000
410,IM04587,20000
420,IM04755,550
420,IM04601,10000
150,IM01237,250
150,IM01238,1800
150,IM01236,16000
220,IM01686,12000
360,IM04295,2160
420,IM04776,350
070,,70000
150,IM01194,250
150,IM01195,1800
150,IM01193,16000
250,IM02101,2000
250,IM02102,3000
250,IM01818,18000
300,IM03261,1000
300,IM03262,1000
300,IM03260,1000
300,IM03259,2500
300,IM03477,4500
300,IM03474,15000
300,IM03476,15000
300,IM03475,18000
300,IM02939,31000
320,IM03862,8000
400,IM04536,35000
420,IM04760,350
150,IM01231,250
150,IM01232,1800
150,IM01230,16000
250,IM01819,18000
300,IM03318,1000
300,IM03317,1000
300,IM03319,1000
300,IM03316,4500
320,IM03871,8000
080,IM00117,46821
080,IM00118,188220
150,IM01154,250
150,IM00327,750
150,IM01155,1800
150,IM01153,16000
200,IM01510,110000
220,IM01672,6000
220,IM01673,10000
220,IM01675,23000
250,IM02197,4500
250,,30000
280,IM02285,4000
300,IM03217,1000
300,IM03218,1000
300,IM03220,1000
300,IM03216,1000
300,IM03221,1000
300,IM03219,1000
300,IM03463,3000
300,IM03464,9000
320,IM03724,2500
320,IM03722,3000
320,IM03857,8000
320,IM03856,8000
360,IM04132,5000
360,IM04176,15000
360,IM04131,115000
400,IM04397,25000
420,IM04747,350
940,IM04927,27000
250,IM02096,4000
250,IM01800,18000
320,IM03873,8000
320,IM03723,33000
420,IM04777,350
150,IM01166,250
150,IM01167,1800
150,IM01165,16000
220,IM01674,8500
250,IM01799,18000
300,IM03223,1000
300,IM03224,1000
300,IM03222,1000
300,IM02931,15000
320,IM03858,8000
400,IM04532,50000
420,IM04750,350
150,IM01179,250
150,IM01181,1800
150,IM01180,2500
150,IM01182,3060
150,IM01178,6000
150,IM01176,16000
150,IM01177,25000
160,IM01451,25000
250,IM01802,3500
250,IM01801,18000
300,IM03242,1000
300,IM03243,1000
300,IM03244,1000
300,IM03245,1000
300,IM03241,1000
300,IM03472,9000
310,IM03616,40000
350,IM04048,2800
360,IM04290,2400
420,IM04756,550
150,IM01173,250
150,IM01174,1800
150,IM00300,2500
150,IM01172,16000
200,IM01511,40000
210,IM01558,1000
220,IM01676,6000
220,IM01677,75000
250,IM01807,2000
250,IM02199,4500
250,IM01804,18000
250,IM01805,18000
250,IM02240,18000
290,IM02303,4500
300,IM03230,1000
300,IM03231,1000
300,IM03255,1000
300,IM03308,1000
300,IM03307,1000
300,IM03310,1000
300,IM03309,1000
300,IM03311,2000
350,IM04047,4700
360,IM04134,4000
360,IM04133,15000
420,IM04754,600
430,IM04836,3000
150,IM01241,250
150,IM01242,1800
150,IM01240,3500
150,IM01239,16000
250,IM01806,4000
250,IM01803,18000
300,IM03229,1000
320,IM03725,31000
400,IM04550,4000
150,IM01191,250
150,IM01192,1800
150,IM00328,2000
150,IM01190,3500
150,IM01189,16000
250,,24446
300,IM03256,1000
300,IM03258,1000
300,IM03257,1000
300,IM03254,4600
420,IM04759,350
080,IM00135,660
130,,50000
150,IM01412,250
150,IM01413,1800
150,IM01414,3600
150,IM01411,16000
300,IM03354,4500
300,IM03511,15000
420,IM04817,350
120,IM00169,30000
120,,80000
120,IM00168,80000
150,IM01419,250
150,IM01420,1800
150,IM01418,16000
250,IM02214,18000
300,IM03355,2000
310,IM03623,10000
320,IM03743,33000
360,IM04305,4488
400,IM04413,50000
400,IM04571,50000
400,IM04570,50000
420,IM04818,350
120,IM00155,20000
130,IM00235,10000
130,,19000
130,IM00199,20000
130,,30000
220,IM01694,6000
250,IM02138,3000
250,IM02137,18000
250,IM02211,18000
250,,30000
280,IM02287,20000
290,IM02307,4500
300,IM03021,1000
300,IM03039,1000
300,IM03352,1000
310,,3100000
320,IM03744,2500
320,IM03742,3000
330,IM03966,25000
350,IM04009,10000
360,IM04301,3120
360,IM04180,4000
360,,1418000
390,,25000
390,,275000
400,IM04365,15000
400,IM04429,40000
410,IM04590,5000
420,IM04804,650
940,IM04953,100000
080,IM00124,960
080,IM00094,4500
080,IM00093,7788
120,,45000
130,IM00178,30000
140,IM00244,15000
150,IM01371,250
150,IM01375,250
150,IM00284,1500
150,IM01368,1800
150,IM01378,1800
150,IM00283,2000
150,IM00282,5258
150,IM01367,10000
150,IM01366,16000
150,IM01379,16000
180,,497610
220,IM01604,5000
220,IM01603,10000
220,IM01605,110000
250,IM02131,2000
250,IM01844,4500
250,IM01972,18000
250,IM01973,18000
250,IM02209,18000
250,,40000
250,,40000
280,IM02271,4000
280,IM02270,8000
280,IM02272,8000
300,IM03022,1000
300,IM03025,1000
300,IM03027,1000
300,IM03029,1000
300,IM03031,1000
300,IM03033,1000
300,IM03035,1000
300,IM03020,1000
300,IM03040,1000
300,IM03038,1000
300,IM03034,1000
300,IM03032,1000
300,IM03030,1000
300,IM03028,1000
300,IM03026,1000
300,IM03023,1000
300,IM03024,1000
300,IM02322,4000
300,IM03507,10000
300,IM02323,30000
300,,100000
300,IM02321,200000
300,,300000
300,,400000
320,IM03640,3000
320,,70000
330,IM03923,7000
330,IM03925,9000
330,IM03924,34000
350,IM04010,6500
360,IM04073,10000
360,IM04072,15000
360,IM04201,20000
360,,50000
360,IM04200,50000
360,IM04199,100000
380,IM04308,16000
390,IM04342,15000
400,,30000
410,IM04576,10000
420,IM04803,1500
420,IM04602,15000
450,IM04870,5000
450,IM04871,5000
450,IM04872,5000
500,IM04893,2400
250,IM01845,4500
250,IM01843,18000
300,IM03036,1000
300,IM03037,1000
300,IM03510,3000
420,IM04805,650
420,IM04807,650
150,IM01349,250
150,IM01348,250
150,IM01351,1800
150,IM01353,1800
150,IM01350,1800
150,IM01352,1800
150,IM01347,16000
150,IM01346,16000
250,IM01971,18000
250,,30000
300,IM03067,1000
300,IM03068,1000
400,IM04561,10000
420,IM04801,350
130,IM00186,10000
150,IM01403,250
150,IM01404,1800
150,IM01402,16000
210,IM01560,4800
220,IM01698,6000
220,IM01699,9700
250,IM02212,18000
300,IM03063,1000
300,IM03064,1000
300,IM03066,1000
300,IM03065,1000
300,IM03061,3500
360,IM04304,4260
360,IM04151,5000
360,,8085000
420,IM04815,600
420,IM04596,10000
150,IM01385,250
150,IM01386,1800
150,IM01384,3500
150,IM01383,16000
250,IM02147,2000
250,IM01974,4500
250,IM02133,18000
250,IM02134,18000
250,IM02146,18000
250,,20000
300,IM03069,1000
300,IM03071,1000
300,IM03072,1000
300,IM03070,1000
300,IM03339,4500
310,IM03621,25000
320,IM03746,40000
320,,50000
330,IM03955,20000
350,IM04011,10000
400,IM04409,20000
150,IM01430,250
150,IM01429,250
150,IM01432,1800
150,IM01431,1800
150,IM01428,10000
150,IM01427,16000
150,IM01426,16000
250,IM02144,3400
250,IM01977,18000
250,IM02143,18000
300,IM03073,1000
300,IM03062,1000
300,IM03074,1000
300,IM03075,1000
300,IM03512,7200
320,IM03747,44500
150,IM00304,1500
150,IM00305,2500
220,IM01700,6000
250,IM02136,4500
250,IM02210,4500
250,IM01852,18000
250,IM01849,18000
250,IM01976,18000
250,,43061
300,IM03079,1000
300,IM03080,1000
300,IM03077,15000
300,IM03078,50000
310,IM03543,15000
310,IM03544,15000
310,IM03541,25000
310,IM03542,25000
320,,70000
360,IM04302,1440
360,IM04303,1800
360,IM04152,4000
360,,300000
360,,5715000
380,,464000
400,IM04569,15000
400,IM04412,29000
410,IM04591,5000
420,IM04812,650
460,IM04884,70000
150,IM01400,250
150,IM01401,1800
150,IM01399,16000
250,IM01854,2000
250,IM01853,2500
250,IM01851,18000
250,IM01975,18000
300,IM03091,1000
300,IM03093,1000
300,IM03092,1000
330,IM03957,20000
150,IM01374,250
150,IM01372,250
150,IM01377,1800
150,IM01376,1800
150,IM01373,2500
150,IM01370,3500
150,IM01369,3500
150,IM01365,16000
150,IM01363,16000
150,IM01364,25000
220,IM01701,35000
250,IM01850,18000
300,IM03094,1000
300,IM03095,1000
300,IM03509,2000
300,IM03508,7000
300,IM03076,15000
330,IM03956,20000
400,IM04563,15000
300,IM03081,1000
300,IM03085,1000
300,IM03082,1000
300,IM03084,1000
300,IM03083,1000
420,IM04813,650
300,IM03086,1000
300,IM03089,1000
300,IM03090,1000
300,IM03087,1000
300,IM03088,1000
420,IM04814,650
070,IM00089,3000
130,IM00228,60000
150,IM01358,250
150,IM01359,1800
150,IM01357,16000
300,IM03100,1000
300,IM03105,1000
300,IM03102,1000
300,IM03103,1000
300,IM03101,1000
300,IM03104,1000
300,IM03336,1000
300,IM03335,1000
300,IM03334,20000
300,IM03506,30000
320,IM03748,24000
150,IM01381,250
150,IM01382,1800
150,IM01380,16000
160,IM01453,25000
200,IM01518,50000
220,IM01704,25000
250,IM01855,18000
250,IM02132,18000
250,,36375
300,IM03106,1000
300,IM03107,1000
300,IM03338,4000
300,IM03337,25000
320,,40000
330,IM03959,40000
400,IM04408,20000
420,IM04806,350
150,IM01438,250
150,IM01439,1800
150,IM01437,3500
150,IM01436,16000
250,IM01861,3500
250,IM01862,4500
250,IM01858,18000
300,IM03096,1000
150,IM01408,250
150,IM01407,1800
150,IM01406,16000
250,IM01857,18000
330,IM03958,20000
250,IM01860,4000
300,IM03344,1000
300,IM03345,1000
300,IM03346,1000
300,IM03343,1000
350,IM04012,4500
420,IM04810,500
430,IM04841,2200
070,IM00045,6000
070,IM00046,7500
070,IM00044,153879
130,IM00200,10000
150,IM01409,250
150,IM01410,1800
150,IM00306,4500
150,IM01405,16000
220,IM01703,7000
220,IM01702,8000
250,IM01859,4500
250,,15000
250,IM01856,18000
250,,20000
300,IM03097,1000
300,IM03099,1000
300,IM03098,1000
300,IM03353,8000
320,IM03749,2500
320,IM03750,3000
330,IM03965,65000
350,IM04054,3000
350,IM04055,3900
360,IM04181,5000
360,IM04153,15334
360,IM04154,30000
360,,200000
390,IM04351,4365
420,IM04816,350
250,,200000
350,IM04013,4500
350,IM04014,4500
150,IM01394,250
150,IM01395,1800
150,IM00333,2000
150,IM01393,16000
300,IM03108,1000
300,IM03348,1000
300,IM03349,1000
300,IM03347,1000
420,IM04811,500
430,IM04842,2200
150,IM01397,250
150,IM01398,1800
150,IM00334,4500
150,IM01396,16000
300,IM03351,1000
300,IM03350,1000
070,,6500
070,,6500
070,,39232
150,IM01391,250
150,IM01392,1800
150,IM01390,16000
250,,15000
300,IM03342,1000
300,IM03341,30000
310,IM03622,10000
400,IM04568,10000
400,IM04567,75000
070,IM00043,9000
070,,40390
120,IM00166,30000
150,IM01388,250
150,IM01389,1800
150,IM01387,16000
220,IM01696,6000
220,IM01697,7000
250,IM01848,4300
250,,10000
250,IM01847,18000
250,IM02248,18000
250,,29812
300,IM03046,1000
300,IM03049,1000
300,IM03050,1000
300,IM03051,1000
300,IM03053,1000
300,IM03052,1000
300,IM03048,1000
300,IM03047,1000
300,IM03340,4500
360,IM04150,4000
400,IM04411,20000
400,IM04565,25000
400,IM04566,35000
400,IM04410,50000
400,IM04564,50000
420,IM04809,350
420,IM04808,350
430,IM04840,3000
940,IM04948,50000
940,IM04952,50000
070,,80000
150,IM01355,250
150,IM01356,1800
150,IM01354,16000
250,IM02148,2000
250,IM02135,4300
250,IM02247,18000
300,IM03058,1000
300,IM03059,1000
300,IM03045,1000
300,IM03060,1000
320,IM03745,38500
400,IM04562,45000
940,IM04951,25000
940,IM04946,30000
940,IM04947,50000
940,IM04950,150000
940,IM04949,250000
150,IM01434,250
150,IM01435,1800
150,IM01433,16000
250,IM02145,18000
300,IM03054,1000
300,IM03057,1000
300,IM03056,1000
300,IM03055,1000
300,IM03517,3000
300,IM03516,9000
300,IM03044,10000
300,IM03513,10000
300,IM03515,15000
300,IM03514,18000
070,IM00042,3750
130,IM00185,20000
150,IM01361,250
150,IM01362,1800
150,IM01360,16000
220,IM01695,6000
250,IM02215,4500
250,IM02208,18000
300,IM03042,1000
300,IM03043,1000
310,IM03620,7600
360,IM04149,4000
420,IM04802,350
940,IM04945,25000
070,,75000
150,IM01416,250
150,IM01417,1800
150,IM01415,16000
250,IM02140,3500
250,IM02139,18000
250,IM02213,18000
320,,50000
330,IM03954,15000
150,IM01423,250
150,IM01425,1800
150,IM01424,2500
150,IM01421,16000
150,IM01422,25000
250,IM02142,2000
250,IM02141,3500
250,IM01846,18000
300,IM03041,1000
300,IM03356,2500
330,IM03953,20000
420,IM04819,350
080,IM00136,2022
130,IM00232,25000
150,IM00392,250
150,IM00391,250
150,IM00394,1800
150,IM00393,1800
150,IM00390,3500
150,IM00389,16000
150,IM00388,16000
250,IM01981,4000
250,IM01868,18000
250,IM01871,18000
300,IM02338,1000
300,IM02340,1000
300,IM02327,1000
300,IM02339,1000
300,IM03373,2500
300,IM03126,4000
300,IM02326,5000
300,IM03372,10000
320,IM03642,30000
330,IM03926,40000
420,IM04607,350
070,IM00048,3000
070,,80000
070,IM00027,153879
150,IM00408,250
150,IM00407,250
150,IM00410,1800
150,IM00409,1800
150,IM00406,16000
150,IM00405,16000
200,IM01484,110000
220,IM01606,6000
250,IM02217,2000
250,IM01870,18000
250,,22755
300,IM02328,1000
300,IM02329,1000
300,IM02332,1000
300,IM02335,1000
300,IM02337,1000
300,IM02336,1000
300,IM02334,1000
300,IM02331,1000
300,IM02330,1000
300,IM02333,1000
300,IM03376,3000
300,IM02324,4500
300,IM03375,9000
300,IM02325,55000
310,IM03571,8000
310,IM03523,10000
310,IM03524,10000
310,IM03572,18000
320,IM03641,3000
320,IM03643,3000
320,IM03761,8000
320,IM03760,8000
360,IM04205,2304
360,IM04074,5000
420,IM04610,600
150,IM00378,250
150,IM00379,250
150,IM00307,1000
150,IM00380,1800
150,IM00376,1800
150,IM00377,2500
150,IM00375,3500
150,IM00374,16000
150,IM00372,16000
150,IM00373,25000
250,IM01984,3000
250,IM01865,18000
300,IM02346,1000
300,IM02349,1000
300,IM02347,1000
300,IM03124,4500
310,IM03567,25000
320,IM03645,48000
070,IM00049,3500
150,IM00417,250
150,IM00285,1000
150,IM00418,1800
150,IM00416,3500
150,IM00415,16000
220,IM01607,6000
250,,13722
250,IM01872,18000
250,IM02218,18000
290,IM02292,4500
300,IM02342,1000
300,IM02345,1000
300,IM02343,1000
300,IM02344,1000
300,IM03377,9000
310,IM03573,8000
310,IM03574,10000
310,IM03575,10000
320,IM03644,3000
320,IM03763,8000
320,IM03762,8000
360,IM04076,4000
360,IM04075,22000
420,IM04612,350
070,IM00090,3000
130,IM00202,4900
130,,10000
150,IM00431,250
150,IM00432,1800
150,IM00430,16000
300,IM02351,1000
300,IM02341,1000
310,IM03578,25000
330,IM03927,20000
150,IM00370,250
150,IM00371,1800
150,IM00369,16000
250,IM01873,4500
300,IM02348,1000
300,IM02350,1000
310,IM03566,10000
320,IM03756,8000
350,IM04016,1700
360,IM04204,4800
420,IM04605,350
070,IM00028,8500
150,IM00349,250
150,IM00348,250
150,IM00335,1500
150,IM00336,1500
150,IM00351,1800
150,IM00350,1800
150,IM00347,16000
150,IM00346,16000
220,IM01608,6000
250,IM01864,4500
250,IM01863,18000
250,IM02216,18000
250,,30000
280,IM02273,4000
300,IM03111,1000
300,IM03114,1000
300,IM03113,1000
300,IM03112,1000
300,IM03115,1000
300,IM03117,1000
300,IM03119,1000
300,IM03110,1000
300,IM03122,1000
300,IM03121,1000
300,IM03120,1000
300,IM03118,1000
300,IM03116,1000
300,IM03367,9000
300,IM03369,9000
300,IM03368,25000
310,IM03562,9500
320,IM03646,2500
320,IM03753,8000
350,IM04015,1000
360,IM04077,5000
420,IM04604,500
150,IM00437,250
150,IM00438,1800
150,IM00436,16000
320,IM03766,8000
360,IM04209,2940
360,,2000000
380,IM04319,60000
150,IM00344,250
150,IM00345,1800
150,IM00343,16000
250,IM01979,3000
250,IM01978,18000
300,IM02353,1000
300,IM02352,1000
300,IM02354,1000
300,IM02356,1000
300,IM02355,1000
300,IM03109,1500
300,IM03358,15000
320,IM03752,8000
320,IM03751,8000
420,IM04603,350
080,IM00097,787
130,IM00229,10000
150,IM00387,250
150,IM00386,1800
150,IM00385,16000
160,IM01442,25000
220,IM01609,6000
220,IM01610,10000
250,IM01867,18000
250,IM01874,18000
250,,38756
290,IM02293,2000
290,IM02294,2500
300,IM02358,1000
300,IM02359,1000
300,IM02361,1000
300,IM02363,1000
300,IM02365,1000
300,IM02366,1000
300,IM02364,1000
300,IM02362,1000
300,IM02360,1000
300,IM02370,1500
300,IM02372,1500
300,IM02371,1500
300,IM02373,1500
300,IM02357,1500
300,IM02374,1500
300,IM03371,9000
310,IM03569,10000
310,IM03570,10000
310,IM03568,25000
320,IM03759,8000
320,IM03758,8000
320,IM03647,58000
350,IM04017,3500
350,IM03988,10000
360,IM04078,5000
410,IM04577,20000
420,IM04606,600
070,,70000
150,IM00368,250
150,IM00367,1800
150,IM00366,16000
250,IM01980,3000
250,IM01866,18000
300,IM02367,1000
300,IM02368,1000
300,IM03123,2000
400,IM04431,50000
150,IM00435,250
150,IM00434,1800
150,IM00433,16000
300,IM02369,1000
310,IM03580,7600
310,IM03579,10000
330,IM03928,40000
130,IM00201,25000
150,IM00363,250
150,IM00362,250
150,IM00365,1800
150,IM00364,1800
150,IM00361,16000
150,IM00360,16000
300,IM03370,2000
310,IM03565,7600
310,IM03532,30000
320,IM03755,8000
360,IM04203,4704
380,IM04318,60000
400,IM04430,50000
080,IM00098,307
080,IM00095,1556
080,IM00096,150000
130,IM00176,4900
130,IM00230,4900
130,IM00231,8000
130,,100000
140,IM00236,20000
150,IM00286,1000
150,IM00247,1500
150,IM00398,1800
150,IM00414,1800
150,IM00246,2000
150,IM00397,3500
150,IM00245,4355
150,IM00396,5000
150,IM00395,16000
180,,100000
180,,250000
180,,300000
190,IM01463,18000
200,IM01475,10000
220,IM01578,5000
220,IM01611,6000
220,IM01577,8000
230,IM01705,50000
250,IM01875,18000
250,IM01876,18000
250,IM02149,18000
250,IM02219,18000
250,,20000
250,,20000
280,IM02249,8000
280,IM02251,8000
280,IM02274,20000
280,IM02250,54000
300,IM02376,1000
300,IM02378,1000
300,IM02379,1000
300,IM02380,1000
300,IM02391,1000
300,IM02377,1000
300,IM03374,2500
300,IM02308,30000
300,IM02375,125000
310,IM03538,50000
320,IM03650,2500
320,IM03625,3000
320,IM03648,3000
320,IM03624,4000
330,IM03895,7000
330,IM03897,9000
330,IM03896,34000
350,IM03979,2000
350,IM03980,4500
360,IM04080,5000
360,IM04079,8703
360,IM04060,10000
360,IM04059,15000
360,,2500000
360,,6000000
360,,7000000
380,IM04306,100000
390,IM04333,15000
390,,20999
390,,274300
400,IM04432,8500
400,IM04352,60000
420,IM04608,800
450,IM04843,5000
450,IM04844,5000
450,IM04845,5000
500,IM04885,1340
120,,30000
150,IM00357,250
150,IM00356,250
150,IM00359,1800
150,IM00358,1800
150,IM00355,3500
150,IM00354,3500
150,IM00353,16000
150,IM00352,16000
310,IM03564,7600
310,IM03563,25000
310,IM03531,30000
320,IM03754,8000
360,IM04202,3480
070,IM00047,3500
150,IM00384,250
150,IM00383,1800
150,IM00382,10000
150,IM00381,16000
250,IM01985,3000
300,IM02389,1000
300,IM03125,1500
320,IM03757,8000
320,IM03649,26000
150,IM00404,250
150,IM00402,1800
150,IM00403,2500
150,IM00401,3500
150,IM00399,16000
150,IM00400,25000
300,IM02381,1000
300,IM02382,1000
300,IM02384,1000
300,IM02385,1000
300,IM02383,1000
420,IM04609,800
150,IM00413,250
150,IM00309,1000
150,IM00412,3500
150,IM00411,16000
200,IM01521,50000
300,IM02386,1000
300,IM02387,1000
300,IM02388,1000
360,IM04206,4944
420,IM04611,800
150,IM00428,250
150,IM00429,1800
150,IM00427,3500
150,IM00426,16000
150,IM00308,26500
250,IM01869,4500
300,IM02390,1000
310,IM03577,10000
320,IM03765,8000
360,IM04208,4710
150,IM00421,250
150,IM00422,1800
150,IM00420,3500
150,IM00419,16000
250,IM01983,2000
250,IM01982,18000
320,IM03764,8000
360,IM04207,3540
150,IM00425,250
150,IM00424,1800
150,IM00423,16000
310,IM03576,9700
130,IM00207,25000
150,IM00489,250
150,IM00490,1800
150,IM00488,16000
300,IM02393,1000
300,IM03129,4500
360,IM04159,3000
420,IM04631,350
250,IM02155,18000
320,IM03781,8000
150,IM00312,1000
150,IM00311,26500
250,IM01893,18000
300,IM03390,7000
300,IM03389,25000
400,IM04458,8500
400,IM04459,8500
400,IM04457,8500
400,IM04460,8500
400,IM04419,25000
400,IM04456,50000
420,IM04637,350
430,IM04820,2200
150,IM00505,250
150,IM00506,1800
150,IM00504,16000
200,IM01485,10000
220,IM01612,6000
220,IM01613,15000
250,IM02017,4000
250,,20000
290,IM02295,4500
300,IM02394,1000
300,IM02400,1000
300,IM02402,1000
300,IM02405,1000
300,IM02392,1000
300,IM02406,1000
300,IM02403,1000
300,IM02401,1000
300,IM02399,1000
300,IM02398,1000
300,IM02397,1000
300,IM03391,7000
320,IM03651,3000
320,IM03779,8000
360,IM04155,3000
360,,5000000
380,,200000
400,IM04461,8500
420,IM04639,500
420,IM04597,10000
250,IM01890,18000
150,IM00537,250
150,IM00536,16000
250,IM02023,3300
250,IM02160,18000
300,IM02404,1000
300,IM03359,15000
360,IM04227,4800
420,IM04645,350
070,,6500
150,IM00525,250
150,IM00526,1800
150,IM00524,3500
150,IM00523,16000
200,IM01486,6000
250,IM02012,2000
250,IM02010,18000
300,IM02395,1000
300,IM02396,1000
400,IM04468,8500
400,IM04467,8500
070,IM00054,4000
250,IM02006,18000
300,IM02411,1000
320,IM03776,8000
320,IM03653,15000
360,IM04217,960
360,IM04218,3000
400,IM04376,35000
400,IM04355,50000
420,IM04626,350
150,IM00502,250
150,IM00503,1800
150,IM00501,16000
220,IM01614,6000
250,IM02008,2000
250,IM01894,18000
250,,30000
300,IM02408,1000
300,IM02410,1000
300,IM02413,1000
300,IM02409,1000
360,IM04225,1203
360,IM04157,3000
360,IM04224,4320
360,IM04156,13295
360,,150000
380,IM04309,15000
380,,182500
420,IM04638,500
150,IM00534,250
150,IM00535,1800
150,IM00533,16000
300,IM03132,25000
120,IM00151,20000
150,IM00550,250
150,IM00551,1800
150,IM00549,3500
150,IM00548,16000
210,IM01567,10000
250,IM02025,1500
250,IM01899,4500
250,IM01898,18000
250,IM02156,18000
250,IM02024,27000
300,IM02412,1000
300,IM02414,1000
300,IM02415,1000
300,IM03134,2000
300,IM03399,3000
300,IM03360,4500
300,IM03398,7000
300,IM03397,9000
300,IM03396,10000
300,,75000
360,,4000000
360,,10000000
420,IM04648,350
150,IM00554,250
150,IM00556,1800
150,IM00555,1800
150,IM00553,16000
250,IM02027,3000
250,IM01900,18000
250,IM02026,18000
300,IM02416,1000
300,IM03402,15000
320,IM03652,24000
400,IM04475,8500
400,IM04474,50000
420,IM04649,350
300,IM02420,1000
300,IM02407,1000
150,IM00561,125
150,IM00563,1800
150,IM00562,2500
150,IM00559,16000
150,IM00560,25000
250,IM02028,4000
250,IM02161,18000
300,IM02417,1000
300,IM02418,1000
300,IM03404,9000
320,IM03786,8000
360,,1000000
400,IM04480,8000
400,IM04481,8000
400,IM04483,8000
400,IM04479,8000
400,IM04482,8000
400,IM04478,35000
400,IM04477,35000
400,IM04476,50000
420,IM04651,350
430,IM04821,2000
130,IM00205,20000
150,IM00474,250
150,IM00475,1800
150,IM00473,5000
150,IM00472,8000
150,IM00471,16000
250,IM02007,18000
400,IM04374,25000
130,IM00204,4900
160,IM01443,25000
250,IM01904,18000
300,IM02419,1000
300,IM03380,15000
350,IM04018,40000
390,IM04343,4365
400,IM04443,35000
420,IM04622,350
120,IM00147,20000
200,IM01526,10000
200,IM01487,15000
220,IM01615,6000
250,IM01994,2000
250,IM01989,18000
300,IM02422,1000
300,IM02424,1000
300,IM02425,1000
300,IM02423,1000
300,IM03127,4700
360,IM04082,3000
360,IM04081,50000
400,IM04437,35000
400,IM04371,50000
400,IM04372,50000
420,IM04616,600
130,,25000
150,IM00458,250
150,IM00459,250
150,IM00457,1800
150,IM00461,1800
150,IM00460,1800
150,IM00456,3500
150,IM00455,16000
150,IM00454,16000
210,IM01561,10000
250,IM02000,18000
300,IM02426,1000
300,IM02427,1000
300,IM03379,3000
300,IM03378,15000
320,IM03771,8000
360,IM04214,840
360,IM04215,1666
400,IM04415,65000
420,IM04618,350
940,IM04901,45000
940,IM04902,45000
300,IM02428,1000
320,IM03772,8000
400,IM04416,1500
250,IM01998,2000
250,IM01995,18000
300,IM02429,1000
300,IM02430,1000
350,IM04019,4500
420,IM04628,350
150,IM00509,250
150,IM00510,1800
150,IM00508,3500
150,IM00507,16000
250,IM01895,4500
250,IM02019,18000
300,IM02431,1000
300,IM03392,9000
320,IM03780,8000
420,IM04640,350
070,,80000
150,IM00539,250
150,IM00540,1800
150,IM00538,16000
250,IM01993,4000
360,IM04228,2400
420,IM04646,350
940,IM04899,18000
150,IM00558,125
150,IM00557,16000
250,IM02221,18000
300,IM03403,15000
320,IM03654,33000
360,IM04231,1320
360,IM04232,1680
400,IM04420,26000
420,IM04650,350
940,IM04900,45000
940,IM04903,80000
130,IM00180,25000
300,IM02421,1000
150,IM00513,250
150,IM00512,1800
150,IM00511,16000
200,IM01525,50000
250,IM01712,3500
250,IM01711,4500
250,IM01886,18000
120,IM00149,20000
150,IM00500,3500
150,IM00287,40000
200,IM01490,10000
220,IM01618,6000
220,IM01619,10000
250,IM02003,2000
250,IM02021,3200
250,IM01892,4500
250,IM02022,18000
250,IM02153,18000
300,IM02447,1000
300,IM02452,1000
300,IM02456,1000
300,IM02455,1000
300,IM02454,1000
300,IM02453,1000
300,IM02451,1000
300,IM02448,1000
300,IM02450,1000
300,IM02449,1000
300,IM03388,3000
300,IM03131,25000
320,IM03778,8000
320,IM03659,35000
350,IM03989,30000
360,IM04223,1210
360,IM04085,3000
360,,100000
360,IM04084,1000000
400,IM04454,15000
400,IM04455,15000
400,IM04353,50000
400,IM04354,50000
420,IM04636,350
430,IM04822,2200
150,IM00552,1800
210,IM01563,20000
300,IM02459,1000
300,IM03400,15000
300,IM03401,25000
150,IM00546,250
150,IM00547,1800
150,IM00545,16000
250,IM01987,3000
300,IM02461,1000
360,IM04230,3000
150,IM00483,250
150,IM00484,1800
150,IM00482,16000
210,IM01562,20000
250,IM01988,4500
250,IM01888,18000
300,IM02457,1000
360,IM04216,2640
400,IM04375,25000
420,IM04625,350
300,IM02460,1000
150,IM00446,250
150,IM00447,1800
150,IM00445,16000
250,IM02222,18000
300,IM02458,1000
400,IM04369,15000
400,IM04368,20000
150,IM00565,250
150,IM00566,1800
150,IM00564,16000
250,IM01884,18000
120,,40000
130,IM00209,25000
200,IM01541,50000
250,IM01905,18000
250,IM01906,18000
300,IM02462,1000
300,IM02446,1000
300,IM02463,1000
320,IM03787,8000
350,IM04020,2000
350,IM04021,12000
420,IM04652,350
150,IM00575,1800
290,,1100000
300,IM02489,1000
400,IM04488,35000
420,IM04658,2000
070,IM00031,153879
080,,33373
080,IM00126,50000
120,,10000
120,IM00152,15000
120,,107500
130,,5700
130,,7000
130,,10000
130,,11000
130,,14000
130,,14000
130,,19500
130,,20000
130,,20000
130,,20000
130,,20000
130,,25000
130,,25000
130,,25000
130,,30200
130,,31000
130,,35100
130,,40000
130,IM00233,50000
130,IM00179,65000
130,,100000
140,IM00238,15000
140,IM00237,20000
150,IM00252,1500
150,IM00338,1500
150,IM00251,2000
150,IM00250,5000
150,IM00248,8654
150,IM00249,50000
180,,49000
180,,50000
180,,90000
180,,100000
180,,125000
180,,230000
190,IM01464,6000
190,IM01465,14000
200,IM01527,14000
200,IM01519,15000
220,IM01580,5000
220,IM01621,6000
220,IM01579,10000
220,IM01581,20000
220,,35000
250,,25000
250,,41166
250,,42095
250,,56000
250,,60000
250,,60000
280,IM02252,8000
280,IM02253,8000
300,IM02483,1000
300,IM02484,1000
300,IM02496,1000
300,IM02485,1000
300,IM02481,4700
300,IM02310,30000
300,,100000
300,,125000
300,IM02309,200000
300,,250000
300,,300000
310,,12000
320,IM03627,3000
320,IM03626,4000
330,IM03898,7000
330,IM03900,9000
330,IM03899,34000
350,IM03982,6500
350,IM03981,10000
360,IM04089,3000
360,IM04061,10000
360,IM04090,35000
360,IM04098,35000
360,IM04092,35000
360,IM04093,45000
360,IM04097,50000
360,IM04095,64500
360,IM04094,150000
360,IM04088,200000
360,IM04096,397500
360,IM04091,500000
380,,532000
380,,3253000
390,IM04334,15000
390,,15000
390,,21500
390,,25000
390,,378000
400,,25000
400,,50000
400,IM04427,70000
400,IM04428,80000
400,,100000
400,,150000
420,IM04653,1500
450,IM04846,5000
450,IM04847,5000
450,IM04848,5000
460,IM04881,26500
500,IM04886,140000
940,IM04896,30000
940,IM04906,40000
940,IM04894,50000
940,IM04895,430000
120,IM00153,4500
120,,107500
130,,30000
130,,40000
130,,50000
130,,150000
150,IM00570,10000
160,IM01444,20000
180,,50000
180,,75000
180,,100000
250,IM02030,1500
250,IM02029,3500
250,,10000
260,,100000
300,IM02486,1000
360,IM04233,3360
420,IM04655,2000
180,,50000
180,,50000
220,IM01582,15000
250,IM02031,3000
250,IM02032,4500
250,IM02158,18000
250,,38499
300,IM02487,1000
300,IM02497,1000
300,IM02498,1500
300,IM02499,1500
300,,100000
360,IM04187,20000
360,IM04189,22000
360,IM04188,25000
360,IM04182,40000
360,IM04183,50000
360,IM04186,50000
360,,50000
360,IM04191,93000
360,IM04185,100000
360,IM04190,100000
360,IM04184,150000
380,,32000
380,,1200000
400,,30000
420,IM04656,2000
430,IM04826,2100
940,IM04897,100000
940,IM04898,300000
130,,30000
150,IM00574,3500
250,IM01907,59744
260,,4900
300,IM02488,1000
300,IM02500,1500
380,,50000
400,IM04487,25000
420,IM04657,1500
070,,10000
250,,20000
300,IM02490,1000
300,IM02501,1000
300,IM02492,1000
300,IM02491,1000
320,IM03788,8000
420,IM04660,1500
420,,50000
420,,50000
150,IM00586,250
150,IM00587,2500
150,IM00584,16000
150,IM00585,25000
250,IM02154,59744
300,IM02493,1000
300,IM02494,1000
300,IM02495,1000
300,IM02482,2000
420,IM04662,1500
070,IM00052,3500
150,IM00464,250
150,IM00463,1800
150,IM00462,16000
250,IM02001,2500
250,IM01879,18000
250,IM01883,18000
300,IM02505,1000
300,IM03128,4000
400,IM04440,20000
420,IM04619,350
150,IM00579,250
150,IM00580,1800
150,IM00578,16000
250,IM01887,18000
250,IM02151,18000
420,IM04659,350
070,IM00032,6000
080,IM00100,210
130,IM00206,20000
150,IM00480,250
150,IM00481,1800
150,IM00288,2500
150,IM00479,16000
200,IM01493,8000
200,IM01492,50000
220,IM01622,6000
250,,15000
250,IM01881,18000
250,IM02152,18000
300,IM02503,1000
300,IM02506,1000
300,IM02504,1000
300,IM03381,15000
320,IM03661,3000
330,IM03968,5000
330,IM03967,5000
360,IM04099,3000
410,IM04578,4900
420,IM04624,600
070,,70000
120,,27000
250,IM01880,18000
250,,33000
300,IM02509,1000
320,IM03663,45000
360,IM04220,1560
360,IM04219,1800
400,IM04444,35000
420,IM04627,350
150,IM00589,250
150,IM00590,1800
150,IM00588,16000
250,IM02159,18000
300,IM02514,1000
360,IM04158,25000
150,IM00498,250
150,IM00499,1800
150,IM00497,16000
250,IM01891,4500
250,IM02018,4500
300,IM02507,1000
300,IM03387,15000
360,IM04222,1680
400,IM04452,10000
400,IM04453,25000
420,IM04635,350
420,IM04592,10000
300,IM02508,1000
420,IM04661,350
150,IM00519,250
150,IM00520,1800
150,IM00518,3500
150,IM00517,16000
160,IM01446,25000
210,IM01565,20000
250,IM01715,2000
250,IM01882,4500
250,IM01896,18000
300,IM02515,1000
300,IM02502,1000
300,IM03393,25000
320,IM03782,8000
320,IM03662,30000
380,IM04320,50000
400,IM04463,8000
400,IM04377,100000
420,IM04642,350
420,IM04598,10000
070,IM00055,3500
250,IM02223,2000
250,IM01714,3500
300,IM02510,1000
300,IM02511,1000
300,IM02512,1000
300,IM03383,2000
300,IM03382,7000
400,IM04445,35000
420,IM04629,350
070,IM00053,4000
130,IM00203,20000
150,IM00466,250
150,IM00467,1800
150,IM00465,16000
250,IM02002,18000
300,IM02513,1000
320,IM03773,8000
400,IM04442,25000
400,IM04441,50000
420,IM04620,350
080,IM00099,533
150,IM00442,250
150,IM00441,250
150,IM00444,1800
150,IM00443,1800
150,IM00440,16000
150,IM00439,16000
220,IM01623,6000
250,IM02150,18000
300,IM02517,1000
300,IM02518,1000
300,IM02516,90000
320,IM03767,8000
360,IM04211,1200
360,IM04210,1680
360,IM04100,4000
360,IM04192,15000
360,IM04195,15000
360,IM04194,15000
360,IM04196,15000
360,IM04193,30000
400,IM04367,15000
410,IM04579,6500
410,IM04581,8500
410,IM04580,10000
420,IM04614,600
150,IM00582,250
150,IM00583,1800
150,IM00310,2000
150,IM00581,16000
250,IM01717,2000
250,IM01716,3000
250,IM01997,18000
300,IM03405,7000
320,IM03664,30000
360,IM04234,2640
150,IM00449,125
150,IM00450,900
150,IM00448,8000
250,IM01877,18000
250,IM01878,18000
300,IM02519,1000
300,IM02522,1000
300,IM02523,1000
300,IM02521,1000
300,IM02520,1000
300,IM02524,1000
300,IM02525,1000
320,IM03768,8000
360,IM04212,2400
400,IM04436,8500
400,IM04435,8500
400,IM04434,50000
400,IM04370,100000
420,IM04615,350
940,IM04909,18000
940,IM04907,25000
150,IM00577,250
150,IM00576,16000
150,IM00477,250
150,IM00478,1800
150,IM00476,16000
250,IM02224,18000
300,IM02526,1000
320,IM03775,8000
320,IM03774,8000
400,IM04417,10000
400,IM04418,25000
420,IM04623,350
940,IM04910,18000
940,IM04911,18000
940,IM04908,18000
940,IM04912,20000
150,IM00469,250
150,IM00470,1800
150,IM00468,16000
250,IM02011,3000
250,IM02009,18000
300,IM02534,1000
320,IM03665,40000
420,IM04621,350
080,IM00101,4063
120,IM00156,4500
120,IM00148,20000
150,IM00486,250
150,IM00289,1500
150,IM00487,1800
150,IM00485,16000
200,IM01495,5000
200,IM01496,6000
200,IM01494,10000
210,IM01564,20000
220,IM01624,6000
230,,35000
230,,50000
250,IM01718,18000
280,IM02276,15000
300,IM02528,1000
300,IM02531,1000
300,IM02533,1000
300,IM02542,1000
300,IM02532,1000
300,IM02530,1000
300,IM02529,1000
320,IM03666,2500
330,IM03971,5000
330,IM03969,5000
330,,12000
330,IM03972,19500
330,IM03973,45000
330,IM03970,50000
330,,150000
360,IM04221,3240
360,IM04102,4000
360,IM04101,35000
390,IM04345,4365
400,IM04450,8500
400,IM04447,15000
400,IM04449,15000
400,IM04448,15000
400,IM04446,50000
420,IM04630,600
070,,6500
150,IM00568,250
150,IM00569,1800
150,IM00567,16000
300,IM02537,1000
300,IM02539,1000
300,IM02538,1000
400,IM04484,35000
940,IM04913,8500
220,,30000
300,IM02540,1000
300,IM02527,1000
400,IM04485,8500
420,IM04654,350
150,IM00573,1800
150,IM00572,3500
150,IM00571,16000
200,IM01540,50000
250,IM01889,18000
300,IM02541,1000
380,IM04321,50000
400,IM04486,50000
130,IM00208,10000
150,IM00522,3500
150,IM00521,3500
250,IM01719,2000
250,IM01885,18000
250,IM02020,18000
300,IM02535,1000
300,IM02536,1000
300,IM02543,1000
300,IM03133,1500
300,IM03394,15000
320,IM03783,8000
360,IM04226,2520
400,IM04466,8500
400,IM04465,8500
400,IM04464,35000
420,IM04643,350
070,IM00029,4500
070,IM00030,5000
080,IM00102,88
080,IM00125,88
080,,15000
150,IM00544,250
150,IM00543,1800
150,IM00542,3500
150,IM00337,16000
150,IM00541,16000
200,IM01489,110000
210,IM01566,10000
220,IM01616,6000
220,IM01617,10000
250,IM01992,4000
250,,15000
250,IM01897,18000
250,,37900
300,IM02434,1000
300,IM02436,1000
300,IM02444,1000
300,IM02435,1000
300,IM02432,4700
320,IM03657,2500
320,IM03658,3000
320,IM03656,35000
360,IM04229,2400
360,IM04083,4000
360,,600000
390,IM04344,4365
400,IM04381,35000
400,IM04380,50000
400,IM04357,54000
420,IM04647,500
150,IM00515,250
150,IM00516,1800
150,IM00514,16000
250,IM02005,18000
300,IM02443,1000
400,IM04462,50000
420,IM04641,400
150,IM00528,250
150,IM00529,1800
150,IM00527,16000
250,IM02004,2000
250,IM01901,18000
250,IM02157,18000
300,IM02437,1000
300,IM02439,1000
300,IM02445,1000
300,IM02438,1000
300,IM03395,7000
320,IM03784,8000
150,IM00492,250
150,IM00493,1800
150,IM00491,16000
200,IM01488,50000
250,IM01991,18000
300,IM02440,1000
300,IM02442,1000
300,IM02441,1000
300,IM03386,9000
300,IM03385,10000
310,IM03581,18000
320,IM03777,8000
320,IM03655,37000
400,IM04373,20000
400,IM04451,50000
400,IM04359,54000
420,IM04633,350
420,IM04599,10000
130,,50000
250,IM01713,18000
250,IM01990,18000
300,IM02433,2000
300,IM03384,25000
420,IM04632,350
940,IM04904,20000
070,IM00056,4000
070,,70000
080,,15000
120,IM00150,4500
150,IM00532,250
150,IM00531,1800
150,IM00530,16000
200,IM01491,8000
220,IM01620,6000
250,IM01999,3500
250,IM02220,18000
280,IM02275,4000
300,IM02465,1000
300,IM02467,1000
300,IM02466,1000
320,IM03785,8000
350,IM03990,10000
360,IM04087,4000
360,IM04086,80000
360,,100000
400,IM04470,4500
400,IM04469,7000
400,IM04473,8500
400,IM04472,8500
400,IM04378,10000
400,IM04379,35000
400,IM04471,35000
400,IM04356,54000
420,IM04644,500
430,IM04823,3000
940,IM04905,20000
070,IM00050,3500
070,IM00051,4500
250,,16116
250,IM01902,18000
250,IM01986,18000
300,IM02469,1000
300,IM02472,1000
300,IM02471,1000
300,IM02470,1000
320,IM03660,59000
400,IM04433,15000
400,IM04414,50000
420,IM04613,350
430,IM04825,3000
150,IM00495,250
150,IM00496,1800
150,IM00494,16000
250,IM02013,2000
250,IM02016,3500
250,IM02014,4500
250,IM02015,4500
250,,14614
250,IM01903,18000
250,IM01996,18000
300,IM02473,1000
300,IM02474,1000
300,IM02476,1000
300,IM02478,1000
300,IM02479,1000
300,IM02464,1000
300,IM02477,1000
300,IM02475,1000
300,IM03130,4700
330,IM03929,10000
420,IM04634,350
150,IM00452,250
150,IM00453,1800
150,IM00451,16000
300,IM02468,1000
300,IM02480,1000
320,IM03770,8000
320,IM03769,8000
360,IM04213,2367
400,IM04438,35000
400,IM04439,50000
420,IM04617,350
430,IM04824,3000
410,IM04572,5000
130,,20000
130,,20000
150,IM00681,250
150,IM00682,1800
150,IM00680,3500
150,IM00679,3500
150,IM00677,4800
150,IM00678,5000
150,IM00676,16000
160,IM01440,25000
200,IM01542,50000
250,IM02042,18000
300,IM02610,1000
300,IM02611,1000
310,IM03585,9600
310,IM03586,10000
320,,2000
350,IM04025,619
420,IM04677,350
080,IM00104,1070
080,IM00092,8267
120,,15000
120,,20000
130,IM00177,4900
130,IM00175,20000
130,IM00174,30000
140,IM00240,15000
150,IM00260,1500
150,IM00259,4000
150,IM00257,6207
150,IM00761,9392
150,IM00256,15000
150,IM00258,139102
180,,60000
180,,100000
180,,520000
190,IM01469,14000
200,IM01477,8000
200,IM01499,8000
200,IM01523,8000
200,IM01497,50000
220,IM01588,5000
220,IM01630,6000
220,IM01587,8000
220,IM01632,28900
220,IM01631,28900
220,,30000
220,IM01586,50000
250,IM01729,2000
250,IM02176,4500
250,IM02177,4500
250,IM02167,18000
250,,44000
250,,44000
250,,100000
280,IM02256,8000
280,IM02258,8000
280,IM02257,25000
290,IM02289,8500
300,IM02605,1000
300,IM02606,1000
300,IM02603,4500
300,IM02313,30000
300,,150000
310,IM03519,4000
310,IM03548,6000
310,IM03520,10000
310,IM03549,10000
310,IM03546,15000
310,IM03545,15000
310,IM03518,21000
310,IM03547,24000
320,,1200
320,,1200
320,,1200
320,,1200
320,,1200
320,,1200
320,,1200
320,IM03631,3000
320,IM03630,4000
320,IM03676,58000
330,IM03904,7000
330,IM03906,9000
330,IM03905,34000
350,IM03984,10000
360,IM04248,2928
360,IM04161,5000
360,IM04064,10000
360,IM04063,20347
360,,1000000
360,,5100000
380,IM04314,15000
390,IM04336,15000
390,,25000
390,,25000
390,,275000
420,IM04684,800
450,IM04852,5000
450,IM04853,5000
450,IM04854,5000
460,,30000
500,IM04888,1340
300,IM02619,1000
320,,1200
070,IM00064,3000
070,IM00065,3500
150,IM00771,250
150,IM00773,1800
150,IM00772,2500
150,IM00769,16000
150,IM00770,25000
250,IM02048,3000
250,IM01728,4500
250,IM01922,18000
250,IM02047,18000
250,IM02169,18000
300,IM02612,1000
300,IM02613,1000
300,IM03421,3000
300,IM03420,10000
320,,1200
320,,2000
320,IM03814,8000
150,IM00698,250
150,IM00697,250
150,IM00700,1800
150,IM00699,1800
150,IM00696,16000
150,IM00695,16000
300,IM02614,1000
300,IM02617,1000
300,IM02615,1000
300,IM02616,1000
150,IM00799,250
150,IM00802,1800
150,IM00800,1800
150,IM00801,3060
150,IM00798,3500
150,IM00797,4000
150,IM00796,16000
200,IM01498,50000
310,IM03597,10000
320,,2000
320,IM03817,8000
380,,100000
070,IM00091,3500
150,IM00834,250
150,IM00835,1800
150,IM00833,16000
250,IM02043,18000
300,IM02618,1000
360,IM04253,3024
250,IM01727,4500
250,IM01726,18000
300,IM02607,1000
300,IM02608,1000
320,,1200
320,,1200
320,,1200
320,,1200
320,IM03813,8000
420,IM04685,800
150,IM00762,250
150,IM00763,1800
150,IM00764,3060
150,IM00760,16000
300,IM02609,1000
300,IM02620,1000
300,IM02604,1000
320,,1200
320,,1200
320,,1200
320,,1200
420,IM04686,800
070,IM00033,10000
130,IM00182,4900
130,IM00189,25000
130,IM00188,100000
150,IM00742,250
150,IM00743,1800
150,IM00292,2500
150,IM00741,16000
170,IM01460,38000
200,IM01500,8000
220,IM01633,6000
220,IM01635,10000
250,IM02173,18000
280,IM02279,4000
310,IM03526,15000
320,,1200
320,,1200
320,IM03677,3000
320,IM03810,8000
320,IM03809,8000
330,IM03974,100000
350,IM04026,4500
360,IM04107,5000
360,,38000
420,IM04682,350
070,,6500
150,IM00758,250
150,IM00759,1800
150,IM00757,3500
150,IM00756,16000
170,IM01458,4500
170,IM01456,5000
170,IM01457,7000
170,IM01459,10000
170,IM01461,20000
250,IM01920,18000
300,IM02622,1000
300,IM02624,1000
300,IM02626,1000
300,IM02627,1000
300,IM02625,1000
300,IM02623,1000
320,,1200
320,,1200
320,,1200
320,,1200
320,,1200
320,,1200
320,,1200
320,,2000
320,,2000
320,,2000
320,IM03812,8000
360,IM04247,3600
940,IM04915,20000
940,IM02972,80000
070,,6500
150,IM00750,250
150,IM00751,1800
150,IM00749,3500
150,IM00748,16000
220,IM01634,28900
250,IM01921,4500
300,IM02631,1000
350,IM03991,4500
940,IM02993,350000
150,IM00837,250
150,IM00838,1800
150,IM00836,16000
250,IM01919,18000
330,IM03935,20000
150,IM00707,250
150,IM00708,1800
150,IM00709,3030
150,IM00706,3500
150,IM00705,3500
150,IM00704,16000
310,IM03588,10000
360,IM04242,1560
400,IM04497,35000
420,IM04678,350
300,IM03161,4000
330,IM03961,65000
420,IM04691,350
150,IM00693,250
150,IM00694,1800
150,IM00692,3500
150,IM00691,3500
150,IM00690,16000
250,IM01916,4500
300,IM03417,50000
320,,2000
400,IM04496,8000
400,IM04495,75000
150,IM00719,250
150,IM00720,1800
150,IM00718,3500
150,IM00717,3500
150,IM00716,16000
300,IM02621,1000
300,IM03157,35000
310,IM03591,7000
400,IM04498,75000
130,IM00212,15000
150,IM00674,250
150,IM00675,1800
150,IM00673,3500
150,IM00672,16000
300,IM02628,1000
300,IM02630,1000
300,IM02629,1000
300,IM03154,35000
320,,2000
400,IM04493,75000
150,IM00828,3060
150,IM00827,3500
150,IM00316,4000
150,IM00317,4500
150,IM00315,26500
300,,30000
310,IM03528,5000
310,IM03525,10000
310,IM03527,30000
350,IM03992,9000
150,IM00735,3500
250,IM01929,18000
260,,80000
320,,1200
320,,2000
320,,2000
380,IM04324,60000
400,IM04383,20000
430,IM04827,3000
080,IM00128,120
150,IM00831,250
150,IM00832,1800
150,IM00830,3500
150,IM00829,16000
200,IM01531,8000
200,IM01501,10000
200,IM01530,10000
210,IM01555,400
210,IM01554,600
210,IM01556,3900
220,IM01636,6000
250,IM02229,4500
250,IM01930,18000
250,,33976
260,,100000
300,IM02634,1000
300,IM02637,1000
300,IM02639,1000
300,IM02640,1000
300,IM02638,1000
300,IM02635,1000
300,IM02636,1000
300,IM03425,9000
300,IM03424,15000
300,,2000000
320,,1200
320,,1200
320,,1200
320,,1200
320,,1200
320,,1200
320,IM03679,2500
320,IM03820,8000
360,IM04108,5000
360,IM04252,5640
410,IM04583,5000
420,IM04692,600
460,IM04882,20000
150,IM00711,250
150,IM00712,1800
150,IM00710,16000
250,IM02044,18000
250,,19855
300,IM02641,1000
300,IM02644,1000
300,IM02642,1000
300,IM02643,1000
300,IM03418,9000
320,,1200
320,,1200
320,,1200
320,,2000
070,IM00063,3000
150,IM00754,250
150,IM00755,1800
150,IM00753,3500
150,IM00752,16000
250,IM01731,3000
300,IM02645,1000
300,IM03159,1500
310,IM03595,7000
310,IM03594,18000
320,,1200
320,,1200
320,,1200
320,,1200
320,IM03811,8000
360,IM04246,3600
420,IM04683,350
150,IM00734,250
150,IM00733,1800
150,IM00732,16000
250,IM02045,18000
300,IM02632,15000
310,IM03592,40000
320,,1200
320,IM03808,8000
150,IM00825,250
150,IM00826,1800
150,IM00824,16000
300,IM02633,1000
320,,1200
320,,2000
150,IM00820,250
150,IM00819,250
150,IM00823,1800
150,IM00821,1800
150,IM00822,3060
150,IM00818,3500
150,IM00817,16000
250,IM01931,18000
300,IM02646,1000
320,,2000
150,IM00688,250
150,IM00689,1800
150,IM00687,16000
250,IM02165,18000
150,IM00811,250
150,IM00810,16000
250,IM01918,18000
310,IM03600,7600
310,IM03601,10000
320,IM03678,89000
320,,127000
150,IM00702,250
150,IM00703,1800
150,IM00701,16000
250,IM01730,3000
250,IM02166,18000
150,IM00730,250
150,IM00731,1800
150,IM00729,16000
250,IM01928,18000
320,,2000
080,IM00131,75
150,IM00783,250
150,IM00784,1800
150,IM00782,3500
150,IM00781,3500
150,IM00780,16000
150,IM00339,24000
220,IM01639,6000
220,IM01640,10000
250,IM01923,18000
300,IM02673,1000
300,IM02676,1000
300,IM02675,1000
300,IM02674,1000
300,IM03422,3000
320,,1200
320,,1200
320,,1200
320,,1200
320,,1200
320,,1200
320,,1200
320,,2000
350,IM04031,3000
350,IM04035,4000
350,IM04033,4700
350,IM04034,4700
350,IM04032,4700
360,IM04250,3000
360,IM04111,5000
420,IM04687,600
940,IM02962,40000
940,IM02960,95000
070,,81000
150,IM00841,250
150,IM00842,1800
150,IM00840,3500
150,IM00839,16000
250,IM01924,4500
300,IM02672,1000
320,,1200
320,,1200
320,,1200
320,,1200
320,,1200
320,,2000
320,,2000
320,,2000
070,IM00062,4900
150,IM00685,250
150,IM00686,1800
150,IM00684,3500
150,IM00683,16000
250,IM01738,18000
300,IM02677,1000
300,IM02678,1000
300,IM03155,4500
300,IM03361,15000
310,IM03587,10000
320,,1200
320,,1200
320,,1200
320,,1200
320,,1200
320,IM03805,8000
330,IM03936,20000
350,IM03994,2700
350,IM03996,4500
400,IM04494,8000
150,IM00746,250
150,IM00747,1800
150,IM00745,3500
150,IM00744,16000
250,IM02175,4500
250,IM02174,18000
300,IM02679,1000
300,IM02680,1000
320,,1200
320,,1200
320,,1200
320,,1200
320,,1200
320,,1200
320,,2000
320,,2000
350,IM04029,2950
350,IM04027,4500
350,IM04030,4700
350,IM04028,15000
360,IM04245,3120
400,IM04500,8000
400,IM04499,50000
070,,70000
150,IM00726,250
150,IM00728,1800
150,IM00727,2500
150,IM00724,3500
150,IM00725,3500
150,IM00723,3500
150,IM00721,16000
150,IM00722,25000
320,,1200
320,,1200
320,,1200
320,,1200
320,,1200
320,,1200
130,IM00214,25000
150,IM00778,250
150,IM00779,1800
150,IM00777,16000
250,IM02178,18000
300,IM02681,1000
300,IM02684,1000
300,IM02685,1000
300,IM02683,1000
300,IM02682,1000
320,,1200
320,,1200
320,,1200
320,,1200
320,,1200
320,,1200
320,,2000
320,,2000
320,IM03815,8000
350,IM03995,9000
380,IM04325,60000
130,IM00213,25000
150,IM00767,250
150,IM00768,1800
150,IM00766,3500
150,IM00765,16000
250,IM02172,18000
300,IM02686,1000
320,,1200
320,,1200
080,IM00130,361
130,IM00190,4900
150,IM00790,250
150,IM00789,250
150,IM00320,1000
150,IM00792,1800
150,IM00791,1800
150,IM00788,3500
150,IM00787,11000
150,IM00786,16000
150,IM00785,16000
200,IM01528,10000
210,IM01568,20000
220,IM01638,6000
250,IM01925,4500
250,IM02164,18000
250,,36000
280,IM02281,20000
300,IM02664,1000
300,IM02662,1000
300,IM02671,1000
300,IM02666,1000
300,IM02667,1000
300,IM02668,1000
300,IM02670,1000
300,IM02669,1000
300,IM02665,1000
300,IM02663,1000
320,,1200
320,,1200
320,,1200
320,,1200
320,,1200
320,,1200
320,,2400
320,IM03683,2500
320,IM03684,3000
320,IM03681,4500
320,IM03816,8000
350,IM03993,4500
350,IM04037,4500
360,IM04110,4000
360,,100000
420,IM04688,350
150,IM00815,250
150,IM00816,1800
150,IM00813,2152
150,IM00814,3500
150,IM00812,16000
250,IM02049,3500
250,IM02171,18000
320,,1200
320,,1200
320,,2000
320,IM03819,8000
320,IM03682,63000
350,IM04036,8000
400,IM04501,50000
420,IM04690,350
150,IM00739,250
150,IM00740,1800
150,IM00737,2180
150,IM00738,3500
150,IM00736,16000
250,IM01737,4500
250,IM01736,18000
300,IM03158,1500
310,IM03593,10000
310,IM03535,20000
320,,1200
320,,1200
320,,1200
320,,1200
320,,1200
320,,1200
320,,1200
320,,1200
320,,1200
320,,2000
320,,2000
320,,2000
320,,2000
320,,2400
420,IM04681,350
070,IM00034,4500
080,IM00129,75
150,IM00319,1200
150,IM00318,3500
200,IM01502,8000
220,IM01637,6000
250,IM01735,2000
250,IM01734,2000
250,IM02046,3500
250,IM01733,18000
250,IM02168,18000
250,,30000
280,IM02280,20000
300,IM02654,1000
300,IM02648,1000
300,IM02650,1000
300,IM02651,1000
300,IM02653,1000
300,IM02652,1000
300,IM02649,1000
320,,2000
320,,2000
360,IM04243,984
360,IM04244,1584
360,IM04109,5000
420,IM04680,550
150,IM00714,250
150,IM00715,1800
150,IM00713,16000
250,IM02170,18000
300,IM02660,1000
300,IM03156,2000
300,IM03419,9000
310,IM03534,5000
310,IM03590,10000
310,IM03589,40000
320,,1200
320,,1200
320,,1200
320,IM03807,8000
320,IM03806,8000
320,IM03680,27000
420,IM04679,350
150,IM00775,250
150,IM00776,1800
150,IM00774,16000
300,IM02655,1000
310,IM03596,10000
360,IM04249,3024
130,,18000
250,IM01917,18000
250,IM01926,18000
300,IM02656,1000
300,IM02658,1000
300,IM02659,1000
300,IM02657,1000
320,,2000
360,IM04251,4320
420,IM04689,350
150,IM00794,250
150,IM00795,1800
150,IM00793,16000
150,IM00805,250
150,IM00804,250
150,IM00808,1800
150,IM00806,1800
150,IM00807,3060
150,IM00803,16000
250,IM01927,18000
320,IM03818,8000
150,IM00809,16000
250,IM01732,18000
300,IM02661,1000
300,IM02647,1000
300,IM03423,9000
300,IM03160,25000
310,IM03598,7600
310,IM03599,18000
080,IM00121,91579
150,IM01256,250
150,IM01258,1800
150,IM00329,2000
150,IM01257,2500
150,IM01259,3060
150,IM01255,3500
150,IM01254,3500
150,IM01252,16000
150,IM01253,25000
250,IM02118,3000
250,IM02203,18000
300,IM02965,1000
300,IM02966,1000
420,IM04780,350
940,IM04938,61000
070,IM00086,3000
130,IM00234,20000
150,IM01274,250
150,IM01275,1800
150,IM01273,16000
250,IM01824,18000
250,,35260
300,IM02969,1000
320,IM03875,8000
420,IM04784,350
120,IM00167,4500
130,IM00183,20000
130,IM00184,20000
150,IM01326,250
150,IM01327,1800
150,IM01325,16000
200,IM01538,8000
220,IM01688,6000
220,,29000
220,,80000
220,,150000
230,,200000
250,IM01825,2000
250,IM02115,3500
250,,15000
250,IM01823,18000
250,IM02205,18000
300,IM02970,1000
300,IM02971,1000
300,IM02949,1000
300,IM02950,1000
300,IM02951,1000
300,IM02953,1000
300,IM02955,1000
300,IM02957,1000
300,IM02958,1000
300,IM02956,1000
300,IM02954,1000
300,IM02952,1000
300,IM03504,7000
300,IM03502,10000
300,IM02947,15000
300,IM03503,25000
300,IM02946,65000
320,IM03891,8000
320,IM03890,8000
320,IM03732,50000
350,IM04008,1800
350,IM04007,14000
360,IM04300,2520
360,IM04141,6000
360,IM04140,35000
360,,100000
360,IM04142,150000
360,,1700000
360,,5000000
360,,8000000
380,IM04316,35000
380,,280000
400,IM04559,35000
410,IM04588,10000
420,IM04797,600
940,IM04936,45000
940,IM04935,45000
940,IM04934,45000
940,IM04932,50000
940,IM04937,52000
940,,100000
150,IM01329,250
150,IM01330,1800
150,IM01328,16000
200,IM01515,50000
210,IM01576,20000
300,IM02967,1000
320,IM03892,8000
350,IM04053,3000
360,,4000000
420,IM04798,350
940,IM04933,20000
150,IM01323,250
150,IM01324,1800
150,IM01322,16000
250,IM01970,18000
300,IM02968,1000
300,IM03366,15000
380,IM04332,60000
150,IM01301,250
150,IM01302,1800
150,IM01300,16000
300,IM03500,3000
300,IM02945,4700
320,IM03882,8000
330,IM03950,40000
420,IM04792,350
120,,107500
150,IM01298,250
150,IM01299,1800
150,IM01297,14000
150,IM01296,16000
160,IM01452,25000
200,IM01513,50000
250,IM02127,3000
250,IM02130,4500
250,IM02206,4500
250,IM02117,18000
300,IM02959,1000
300,IM02960,1000
300,IM02962,1000
300,IM02964,1000
300,IM02963,1000
300,IM02961,1000
300,IM03333,2000
300,IM03499,25000
300,IM02948,125000
320,IM03881,8000
350,IM04051,4000
360,IM04179,4000
380,IM04317,50000
400,IM04406,35000
400,IM04407,35000
400,IM04405,50000
420,IM04791,350
350,IM04052,4700
070,,6500
150,IM01332,250
150,IM01333,1800
150,IM01331,16000
200,IM01514,50000
220,IM01689,20000
220,,80000
220,,150000
300,IM02972,1000
940,,485000
070,IM00087,3500
070,IM00026,10000
080,IM00122,1033
120,IM00144,5000
120,IM00145,10000
120,IM00146,16000
130,IM00194,30000
130,IM00193,50000
140,IM00243,30000
150,IM01277,250
150,IM00281,1500
150,IM01278,1800
150,IM00280,2000
150,IM00301,2500
150,IM00278,4798
150,IM00277,10000
150,IM00342,15000
150,IM01276,16000
150,IM00279,100000
160,IM01441,7045
190,IM01474,32000
200,IM01517,8000
200,IM01524,10000
210,IM01553,13500
220,IM01601,5000
220,IM01690,6000
220,IM01600,8000
220,IM01602,13000
220,,30800
230,IM01708,25000
250,IM02123,3500
250,IM02204,4500
250,IM01829,18000
250,IM01828,18000
250,IM01830,18000
250,IM01966,18000
250,IM01968,18000
250,IM02121,18000
250,,28000
250,,28000
280,IM02267,8000
280,IM02269,8000
280,IM02268,25000
300,IM02995,1000
300,IM03322,1000
300,IM03495,9000
300,IM02320,30000
310,IM03619,50000
320,IM03639,3000
320,IM03876,8000
330,IM03920,7000
330,IM03922,9000
330,IM03921,34000
360,IM04144,6000
360,IM04071,10000
360,IM04143,35000
360,,100000
360,,134000
360,,220000
360,,589000
360,,2600000
390,IM04350,4364
390,IM04341,15000
390,,25000
390,,47000
400,IM04556,15000
400,IM04555,30000
410,IM04575,10000
420,IM04785,850
450,IM04867,5000
450,IM04868,5000
450,IM04869,5000
500,IM04892,4800
150,IM01268,250
150,IM01269,1800
150,IM01267,16000
210,IM01574,20000
250,IM02120,4500
250,IM02119,18000
300,IM02996,1000
300,IM02985,1000
300,IM02986,1000
300,IM03494,7000
420,IM04782,350
150,IM01305,250
150,IM01307,1800
150,IM01306,2500
150,IM01303,16000
150,IM01304,25000
250,IM01831,3500
250,IM01827,18000
300,IM02989,1000
300,IM02990,1000
300,IM02991,1000
300,IM02981,1000
320,IM03883,8000
380,IM04331,60000
420,IM04793,350
430,IM04838,2500
150,IM01294,250
150,IM01295,1800
150,IM01293,3500
150,IM01292,3500
150,IM01291,16000
200,IM01516,50000
250,IM01967,18000
250,IM02126,18000
300,IM02997,1000
300,IM02982,1000
300,IM02984,1000
300,IM02983,1000
320,IM03880,8000
320,IM03733,30000
400,IM04558,50000
420,IM04790,350
070,,11200
130,IM00227,30000
150,IM01314,250
150,IM01315,1800
150,IM01313,16000
250,IM02245,18000
300,IM02998,1000
300,IM02987,1000
320,IM03885,8000
420,IM04795,350
150,IM01341,250
150,IM01342,1800
150,IM01340,3500
150,IM01339,16000
250,IM01969,18000
300,IM02988,1000
300,IM02974,1000
300,IM03323,1000
300,IM03324,1000
300,IM03326,1000
300,IM03328,1000
300,IM03330,1000
300,IM03331,1000
300,IM03329,1000
300,IM03327,1000
300,IM03325,1000
300,IM02973,4000
320,IM03893,8000
330,IM03951,40000
420,IM04800,350
070,IM00088,3500
150,IM01337,250
150,IM01338,1800
150,IM01336,16000
250,IM01826,18000
300,IM02979,1000
300,IM03321,25000
420,IM04799,350
150,IM01280,250
150,IM01281,1800
150,IM01279,16000
300,IM02977,1000
300,IM02975,1000
300,IM02980,1000
300,IM02978,1000
300,IM02976,1000
300,IM02993,1000
300,IM02994,1000
300,IM02992,2500
300,IM03496,4000
320,IM03877,8000
420,IM04786,850
150,IM01247,250
150,IM01248,1800
150,IM01246,16000
200,IM01550,8000
250,IM02116,3500
250,IM01833,18000
300,IM03008,1000
420,IM04778,350
940,IM04944,51000
940,IM04940,60000
070,,70000
070,,80000
150,IM01344,250
150,IM01345,1800
150,IM01343,16000
150,IM00330,26500
250,IM02125,4000
250,IM02124,18000
300,IM03014,1000
320,IM03894,8000
940,IM04943,45000
130,IM00197,10000
130,IM00196,20000
150,IM01271,250
150,IM01272,1800
150,IM01270,16000
250,IM01832,18000
250,,32000
300,IM03007,1000
420,IM04783,350
070,IM00041,4500
070,,16400
080,IM00123,301
130,,10000
130,IM00198,15000
130,,100000
150,IM00303,3000
150,IM00302,10000
200,IM01539,8000
210,IM01559,3700
210,IM01575,20000
220,IM01691,6000
220,IM01692,55000
250,IM01839,2000
250,IM01837,18000
250,,30000
260,,40000
280,IM02286,20000
290,IM02306,5000
300,IM03001,1000
300,IM02999,4500
300,,100000
320,IM03737,2500
320,IM03734,3000
360,IM04146,5000
360,IM04145,250000
400,IM04557,25000
410,IM04589,15000
420,IM04787,600
130,,20000
150,IM01283,250
150,IM01284,1800
150,IM01282,16000
250,IM01838,4500
250,IM01835,18000
300,IM03004,1000
300,IM03006,1000
300,IM03005,1000
300,IM03497,10000
300,IM03498,20000
320,IM03878,8000
350,IM04050,2500
360,IM04298,4320
420,IM04788,350
070,,70000
070,,80000
150,IM01311,250
150,IM01312,1800
150,IM01310,3500
150,IM01309,3500
150,IM01308,16000
250,IM02122,3500
300,IM03000,1000
320,IM03884,8000
420,IM04794,350
070,IM00085,3000
120,IM00165,30000
150,IM01263,250
150,IM01262,250
150,IM01266,1800
150,IM01264,1800
150,IM01265,3060
150,IM01261,16000
150,IM01260,16000
250,IM01834,18000
300,IM03011,1000
300,IM03012,1000
300,IM03013,1000
300,IM03320,1500
300,IM03493,3000
320,IM03735,70000
420,IM04781,350
430,IM04839,2100
940,IM04941,8500
070,,10000
070,,10000
150,IM01335,3030
150,IM01334,16000
250,IM01836,18000
300,IM03009,1000
300,IM03010,1000
300,IM03505,9000
320,IM03736,30000
400,IM04560,30000
940,IM04939,18000
940,IM04942,45000
150,IM01286,250
150,IM00331,1500
150,IM01287,1800
150,IM00332,2000
150,IM01285,16000
300,IM03002,1000
300,IM03003,1000
320,IM03879,8000
130,,15000
130,IM00226,25000
150,IM01250,250
150,IM01251,1800
150,IM01249,16000
170,IM01462,35000
220,IM01693,6000
250,IM01842,2000
250,IM02246,2000
250,IM02202,4500
250,IM01841,18000
250,IM01840,18000
300,IM03016,1000
300,IM03019,1000
300,IM03017,1000
300,IM03018,1000
300,IM03492,7000
320,IM03740,2500
320,IM03738,3000
320,IM03741,3000
320,IM03874,8000
320,IM03739,50000
360,IM04147,4999
360,IM04148,4999
360,IM04178,5000
360,,1500000
400,IM04552,50000
400,IM04553,50000
400,IM04554,50000
400,IM04551,70000
420,IM04779,600
150,IM01289,250
150,IM01290,1800
150,IM01288,16000
250,,30000
300,IM03332,1500
360,IM04299,3600
420,IM04789,350
120,,107500
150,IM01317,250
150,IM01318,1800
150,IM01316,16000
250,IM02129,3500
250,IM02128,18000
300,IM03501,7000
320,IM03887,8000
320,IM03886,8000
150,IM01320,250
150,IM01321,1800
150,IM01319,16000
250,IM02207,18000
300,IM03015,1000
320,IM03889,8000
320,IM03888,8000
330,IM03952,40000
420,IM04796,350
060,IM00003,20000
060,IM00004,10000
060,IM00005,15000
060,IM00006,20000
060,IM00007,15000
060,IM00008,15000
200,IM01551,20000
060,IM00009,25000
940,,100000
060,IM00021,20000
060,IM00010,25000
060,IM00012,25000
060,IM00011,45000
060,IM00013,20000
060,IM00018,10000
060,IM00017,20000
940,,100000
060,IM00014,20000
060,IM00015,25000
940,IM04954,50000
940,,500000
200,IM01552,15000
130,IM00173,80000
130,IM00172,220000
130,IM00171,250000
060,IM00016,20000
060,IM00019,20000
060,IM00022,10000
060,IM00023,40000
060,IM00020,25000
130,IM00210,4900